???,??,????(?)
??,May-25,15.5
??,Apr-25,11.7
??,Mar-25,5.3
??,Feb-25,-3.7
??,Jan-25,-3.9
??,Dec-24,-2.1
??,Nov-24,7
??,Oct-24,13.6
??,Sep-24,22.3
??,Aug-24,26.8
??,Jul-24,25.1
??,Jun-24,22.3
??,May-24,16.5
??,Apr-24,14
??,Mar-24,4.6
??,Feb-24,1.3
??,Jan-24,-2.6
??,Dec-23,-1.3
??,Nov-23,4.9
??,Oct-23,12.1
??,Sep-23,20.9
??,Aug-23,25
??,Jul-23,25
??,Jun-23,21.5
??,May-23,17
??,Apr-23,11.7
??,Mar-23,7.3
??,Feb-23,-0.3
??,Jan-23,-4.6
??,Dec-22,-5.6
??,Nov-22,6.9
??,Oct-22,11.5
??,Sep-22,19.1
??,Aug-22,23.8
??,Jul-22,25
??,Jun-22,21.2
??,May-22,16.7
??,Apr-22,12.7
??,Mar-22,5.5
??,Feb-22,-3.3
??,Jan-22,-4.7
??,Dec-21,-1.6
??,Nov-21,5.5
??,Oct-21,12.8
??,Sep-21,19.8
??,Aug-21,23.3
??,Jul-21,25.6
??,Jun-21,20.8
??,May-21,15.1
??,Apr-21,11.8
??,Mar-21,6.7
??,Feb-21,0.7
??,Jan-21,-5
??,Dec-20,-3.2
??,Nov-20,5.5
??,Oct-20,10.9
??,Sep-20,18.4
??,Aug-20,25
??,Jul-20,22.2
??,Jun-20,22.6
??,May-20,16.6
??,Apr-20,9.1
??,Mar-20,5.8
??,Feb-20,0.5
??,Jan-20,-0.6
??,Dec-19,-0.5
??,Nov-19,5.2
??,Oct-19,13.5
??,Sep-19,20.8
??,Aug-19,25.7
??,Jul-19,25
??,Jun-19,21.6
??,May-19,18.6
??,Apr-19,11
??,Mar-19,5.8
??,Feb-19,0.1
??,Jan-19,-3.1
??,Dec-18,-2.6
??,Nov-18,5.7
??,Oct-18,10.6
??,Sep-18,19.1
??,Aug-18,26.7
??,Jul-18,26.1
??,Jun-18,22.4
??,May-18,17.1
??,Apr-18,12.1
??,Mar-18,7.1
??,Feb-18,-3
??,Jan-18,-5.3
??,Dec-17,-3.5
??,Nov-17,4
??,Oct-17,13.6
??,Sep-17,19
??,Aug-17,24
??,Jul-17,25.7
??,Jun-17,21.8
??,May-17,18.5
??,Apr-17,13.2
??,Mar-17,4.8
??,Feb-17,-1.2
??,Jan-17,-3.1
??,Dec-16,0.1
??,Nov-16,5.6
??,Oct-16,14.3
??,Sep-16,20.9
??,Aug-16,26.1
??,Jul-16,24.9
??,Jun-16,22.8
??,May-16,18.5
??,Apr-16,13.8
??,Mar-16,5.9
??,Feb-16,-0.8
??,Jan-16,-4.1
??,Dec-15,0.3
??,Nov-15,7.9
??,Oct-15,13.4
??,Sep-15,19.7
??,Aug-15,25.2
??,Jul-15,24.7
??,Jun-15,22.7
??,May-15,18.9
??,Apr-15,12.2
??,Mar-15,5.6
??,Feb-15,0
??,Jan-15,-2.4
??,Dec-14,-4.4
??,Nov-14,6.6
??,Oct-14,12.9
??,Sep-14,20.1
??,Aug-14,23.7
??,Jul-14,25.4
??,Jun-14,22.4
??,May-14,18.5
??,Apr-14,13.1
??,Mar-14,6.7
??,Feb-14,0.3
??,Jan-14,-2.3
??,Dec-13,-2
??,Nov-13,4.4
??,Oct-13,13.4
??,Sep-13,19.9
??,Aug-13,26.4
??,Jul-13,25.4
??,Jun-13,23.3
??,May-13,17.7
??,Apr-13,9
??,Mar-13,4.7
??,Feb-13,-2.4
??,Jan-13,-6.3
??,Dec-12,-5.7
??,Nov-12,3.8
??,Oct-12,12.5
??,Sep-12,18.9
??,Aug-12,25.8
??,Jul-12,25
??,Jun-12,22.7
??,May-12,17.9
??,Apr-12,11.8
??,Mar-12,4.2
??,Feb-12,-3.6
??,Jan-12,-4.9
??,Dec-11,-2.8
??,Nov-11,8.4
??,Oct-11,11.5
??,Sep-11,19.4
??,Aug-11,25
??,Jul-11,24.3
??,Jun-11,21.7
??,May-11,17
??,Apr-11,10
??,Mar-11,2.9
??,Feb-11,-0.5
??,Jan-11,-9.3
??,Dec-10,-2.6
??,Nov-10,4.5
??,Oct-10,12.7
??,Sep-10,20.1
??,Aug-10,25.9
??,Jul-10,25.2
??,Jun-10,22.4
??,May-10,16.8
??,Apr-10,9.3
??,Mar-10,3.9
??,Feb-10,0.1
??,Jan-10,-5.9
??,Dec-09,-2.1
??,Nov-09,5.4
??,Oct-09,13.2
??,Sep-09,19.5
??,Aug-09,24
??,Jul-09,23.5
??,Jun-09,21.4
??,May-09,17.8
??,Apr-09,11.5
??,Mar-09,5.4
??,Feb-09,1.6
??,Jan-09,-4.9
??,Dec-08,-0.8
??,Nov-08,5.1
??,Oct-08,13.6
??,Sep-08,19.8
??,Aug-08,24
??,Jul-08,25.2
??,Jun-08,20.2
??,May-08,16.7
??,Apr-08,12.4
??,Mar-08,5.3
??,Feb-08,-3.4
??,Jan-08,-3.8
??,Dec-07,-1
??,Nov-07,4.1
??,Oct-07,13.1
??,Sep-07,20.3
??,Aug-07,25.2
??,Jul-07,23.5
??,Jun-07,21.9
??,May-07,17.2
??,Apr-07,10.5
??,Mar-07,4.7
??,Feb-07,1.4
??,Jan-07,-2.3
??,Dec-06,-1.5
??,Nov-06,5.8
??,Oct-06,15.1
??,Sep-06,18.6
??,Aug-06,26
??,Jul-06,22.7
??,Jun-06,21.3
??,May-06,17.5
??,Apr-06,10.5
??,Mar-06,4.2
??,Feb-06,-1.2
??,Jan-06,-2.8
??,Dec-05,-6.2
??,Nov-05,5.5
??,Oct-05,12.5
??,Sep-05,20.3
??,Aug-05,24.2
??,Jul-05,24.9
??,Jun-05,22.6
??,May-05,16.6
??,Apr-05,12.6
??,Mar-05,3.4
??,Feb-05,-3.5
??,Jan-05,-4.5
??,Dec-04,-0.3
??,Nov-04,6.6
??,Oct-04,12.2
??,Sep-04,19.9
??,Aug-04,24.3
??,Jul-04,24.5
??,Jun-04,22.1
??,May-04,17
??,Apr-04,12
??,Mar-04,4.8
??,Feb-04,0.3
??,Jan-04,-4.5
??,Dec-03,-1.5
??,Nov-03,7.3
??,Oct-03,11
??,Sep-03,19.3
??,Aug-03,23.1
??,Jul-03,22.9
??,Jun-03,20.8
??,May-03,17.5
??,Apr-03,11.4
??,Mar-03,4.5
??,Feb-03,-0.1
??,Jan-03,-5.5
??,Dec-02,-1.4
??,Nov-02,1.8
??,Oct-02,10.4
??,Sep-02,18.8
??,Aug-02,23.1
??,Jul-02,24.2
??,Jun-02,20.8
??,May-02,16.9
??,Apr-02,12.7
??,Mar-02,6.8
??,Feb-02,0.3
??,Jan-02,-2.4
??,May-25,16.8
??,Apr-25,12.5
??,Mar-25,7.1
??,Feb-25,-1.8
??,Jan-25,-1.4
??,Dec-24,0.1
??,Nov-24,8.9
??,Oct-24,15.8
??,Sep-24,24.6
??,Aug-24,28.2
??,Jul-24,25.9
??,Jun-24,23.1
??,May-24,17.5
??,Apr-24,15.1
??,Mar-24,6.4
??,Feb-24,3.2
??,Jan-24,-0.9
??,Dec-23,0.6
??,Nov-23,6.5
??,Oct-23,14.7
??,Sep-23,22.8
??,Aug-23,26.4
??,Jul-23,25.8
??,Jun-23,22.4
??,May-23,18.3
??,Apr-23,13
??,Mar-23,8.6
??,Feb-23,1.5
??,Jan-23,-2.3
??,Dec-22,-3.6
??,Nov-22,9
??,Oct-22,13.7
??,Sep-22,21.3
??,Aug-22,25
??,Jul-22,26.4
??,Jun-22,22.5
??,May-22,17.9
??,Apr-22,13.6
??,Mar-22,7
??,Feb-22,-1.4
??,Jan-22,-2.5
??,Dec-21,0.3
??,Nov-21,7.6
??,Oct-21,15
??,Sep-21,21.9
??,Aug-21,25.1
??,Jul-21,27
??,Jun-21,22
??,May-21,16.3
??,Apr-21,13.4
??,Mar-21,8.1
??,Feb-21,2.1
??,Jan-21,-2.8
??,Dec-20,-0.8
??,Nov-20,7.5
??,Oct-20,13.5
??,Sep-20,20.6
??,Aug-20,26
??,Jul-20,23.4
??,Jun-20,22.8
??,May-20,17.3
??,Apr-20,10.6
??,Mar-20,7.2
??,Feb-20,2.2
??,Jan-20,1.3
??,Dec-19,1.1
??,Nov-19,7.1
??,Oct-19,15.6
??,Sep-19,22.2
??,Aug-19,26.7
??,Jul-19,25.3
??,Jun-19,21.6
??,May-19,18.1
??,Apr-19,11.5
??,Mar-19,6.4
??,Feb-19,0.7
??,Jan-19,-1.1
??,Dec-18,-0.6
??,Nov-18,7.7
??,Oct-18,12.9
??,Sep-18,21.1
??,Aug-18,28
??,Jul-18,26.9
??,Jun-18,21.9
??,May-18,17.3
??,Apr-18,12.1
??,Mar-18,7.3
??,Feb-18,-1.9
??,Jan-18,-4.1
??,Dec-17,-1.8
??,Nov-17,5.5
??,Oct-17,15.5
??,Sep-17,21.4
??,Aug-17,25.3
??,Jul-17,26.1
??,Jun-17,22.1
??,May-17,18.1
??,Apr-17,12.9
??,Mar-17,5.7
??,Feb-17,-0.2
??,Jan-17,-1.6
??,Dec-16,1.5
??,Nov-16,6.9
??,Oct-16,15.7
??,Sep-16,22.5
??,Aug-16,27.4
??,Jul-16,25.5
??,Jun-16,22.5
??,May-16,18.6
??,Apr-16,13.2
??,Mar-16,6.5
??,Feb-16,0.4
??,Jan-16,-2.8
??,Dec-15,1.8
??,Nov-15,9
??,Oct-15,15.3
??,Sep-15,21.9
??,Aug-15,25.8
??,Jul-15,25
??,Jun-15,22.4
??,May-15,17.6
??,Apr-15,12.7
??,Mar-15,5.6
??,Feb-15,0.9
??,Jan-15,-1.1
??,Dec-14,-2.6
??,Nov-14,8.6
??,Oct-14,15.2
??,Sep-14,21.6
??,Aug-14,24.6
??,Jul-14,25.2
??,Jun-14,22.3
??,May-14,17.6
??,Apr-14,12.8
??,Mar-14,7.2
??,Feb-14,1.4
??,Jan-14,-0.8
??,Dec-13,-0.3
??,Nov-13,6.1
??,Oct-13,15.4
??,Sep-13,21.3
??,Aug-13,27
??,Jul-13,24.8
??,Jun-13,23
??,May-13,16.8
??,Apr-13,9.3
??,Mar-13,4.3
??,Feb-13,-1.6
??,Jan-13,-3.6
??,Dec-12,-4.3
??,Nov-12,5.5
??,Oct-12,14.9
??,Sep-12,20.6
??,Aug-12,26.7
??,Jul-12,24.8
??,Jun-12,23.1
??,May-12,18.5
??,Apr-12,11.7
??,Mar-12,4.8
??,Feb-12,-2.1
??,Jan-12,-2.9
??,Dec-11,-0.7
??,Nov-11,10.8
??,Oct-11,14
??,Sep-11,21.4
??,Aug-11,25.4
??,Jul-11,24.4
??,Jun-11,20.7
??,May-11,16.8
??,Apr-11,10
??,Mar-11,3.6
??,Feb-11,0.6
??,Jan-11,-7
??,Dec-10,-0.9
??,Nov-10,6.5
??,Oct-10,14.3
??,Sep-10,21.8
??,Aug-10,26.3
??,Jul-10,25.3
??,Jun-10,22.5
??,May-10,16.5
??,Apr-10,9.2
??,Mar-10,4.4
??,Feb-10,1.1
??,Jan-10,-4.5
??,Dec-09,-0.9
??,Nov-09,6.8
??,Oct-09,15.6
??,Sep-09,21.2
??,Aug-09,25.2
??,Jul-09,23.7
??,Jun-09,21.4
??,May-09,17.9
??,Apr-09,11.7
??,Mar-09,5.8
??,Feb-09,2.5
??,Jan-09,-2.2
??,Dec-08,1.1
??,Nov-08,7.5
??,Oct-08,15.9
??,Sep-08,21.7
??,Aug-08,25
??,Jul-08,24.7
??,Jun-08,21
??,May-08,16.9
??,Apr-08,13.2
??,Mar-08,6.8
??,Feb-08,-1.3
??,Jan-08,-1.9
??,Dec-07,1.7
??,Nov-07,6.4
??,Oct-07,14.7
??,Sep-07,21.3
??,Aug-07,25.8
??,Jul-07,23.5
??,Jun-07,22.2
??,May-07,17.1
??,Apr-07,10.8
??,Mar-07,5.8
??,Feb-07,3.4
??,Jan-07,0
??,Dec-06,1.2
??,Nov-06,8.4
??,Oct-06,17.4
??,Sep-06,20.8
??,Aug-06,26.6
??,Jul-06,22.8
??,Jun-06,20.8
??,May-06,17.5
??,Apr-06,11
??,Mar-06,4.7
??,Feb-06,-0.3
??,Jan-06,-0.7
??,Dec-05,-4
??,Nov-05,8.2
??,Oct-05,14.3
??,Sep-05,21.5
??,Aug-05,24.8
??,Jul-05,24.7
??,Jun-05,21.8
??,May-05,17
??,Apr-05,12.4
??,Mar-05,4
??,Feb-05,-1.8
??,Jan-05,-2.5
??,Dec-04,1.7
??,Nov-04,8.7
??,Oct-04,14.6
??,Sep-04,21.2
??,Aug-04,25.5
??,Jul-04,24
??,Jun-04,22
??,May-04,16.5
??,Apr-04,12
??,Mar-04,5.5
??,Feb-04,1.8
??,Jan-04,-2.1
??,Dec-03,0.4
??,Nov-03,9
??,Oct-03,13.8
??,Sep-03,20.6
??,Aug-03,23.7
??,Jul-03,23.3
??,Jun-03,20.7
??,May-03,18.4
??,Apr-03,12.3
??,Mar-03,5.6
??,Feb-03,1.7
??,Jan-03,-3.2
??,Dec-02,1
??,Nov-02,3.5
??,Oct-02,12.3
??,Sep-02,21
??,Aug-02,23.7
??,Jul-02,24.6
??,Jun-02,21.1
??,May-02,16.9
??,Apr-02,12.9
??,Mar-02,6.8
??,Feb-02,1.7
??,Jan-02,-0.2
??,May-25,17.1
??,Apr-25,13.9
??,Mar-25,8.9
??,Feb-25,1.4
??,Jan-25,1.7
??,Dec-24,3.8
??,Nov-24,11.3
??,Oct-24,17.6
??,Sep-24,25.6
??,Aug-24,28.4
??,Jul-24,26.5
??,Jun-24,22.7
??,May-24,18.4
??,Apr-24,15.3
??,Mar-24,8.4
??,Feb-24,5.7
??,Jan-24,2.9
??,Dec-23,4.3
??,Nov-23,9.7
??,Oct-23,16
??,Sep-23,23.4
??,Aug-23,27.1
??,Jul-23,25.5
??,Jun-23,22.6
??,May-23,17.9
??,Apr-23,13.9
??,Mar-23,10.8
??,Feb-23,4.6
??,Jan-23,1.7
??,Dec-22,1.3
??,Nov-22,11.3
??,Oct-22,15.6
??,Sep-22,21.8
??,Aug-22,26.1
??,Jul-22,26.4
??,Jun-22,22.4
??,May-22,19
??,Apr-22,14.6
??,Mar-22,9.4
??,Feb-22,2.1
??,Jan-22,1.7
??,Dec-21,3.8
??,Nov-21,9.8
??,Oct-21,16.6
??,Sep-21,22
??,Aug-21,25.7
??,Jul-21,26.1
??,Jun-21,22
??,May-21,17.7
??,Apr-21,14
??,Mar-21,10.2
??,Feb-21,5.4
??,Jan-21,1.4
??,Dec-20,2.3
??,Nov-20,10.1
??,Oct-20,15.2
??,Sep-20,20.8
??,Aug-20,27.1
??,Jul-20,22.5
??,Jun-20,22.8
??,May-20,18.1
??,Apr-20,11.9
??,Mar-20,9.3
??,Feb-20,5.3
??,Jan-20,4.2
??,Dec-19,4.3
??,Nov-19,10.5
??,Oct-19,16.8
??,Sep-19,22.1
??,Aug-19,26.4
??,Jul-19,24.7
??,Jun-19,21.5
??,May-19,19.1
??,Apr-19,12.8
??,Mar-19,8.9
??,Feb-19,4.2
??,Jan-19,1.9
??,Dec-18,2.9
??,Nov-18,8.9
??,Oct-18,13.9
??,Sep-18,20.7
??,Aug-18,27.2
??,Jul-18,27
??,Jun-18,22.2
??,May-18,18.3
??,Apr-18,14.1
??,Mar-18,8.9
??,Feb-18,1.6
??,Jan-18,-0.3
??,Dec-17,1.1
??,Nov-17,8.3
??,Oct-17,16.1
??,Sep-17,20.8
??,Aug-17,26.2
??,Jul-17,26.8
??,Jun-17,22.1
??,May-17,19.2
??,Apr-17,14.6
??,Mar-17,7.4
??,Feb-17,3.5
??,Jan-17,1.6
??,Dec-16,4.3
??,Nov-16,9
??,Oct-16,16.6
??,Sep-16,21.7
??,Aug-16,26.9
??,Jul-16,25.8
??,Jun-16,22.2
??,May-16,18.9
??,Apr-16,14.4
??,Mar-16,8.5
??,Feb-16,3.4
??,Jan-16,0.8
??,Dec-15,5.1
??,Nov-15,11.4
??,Oct-15,15.5
??,Sep-15,20.6
??,Aug-15,25.3
??,Jul-15,24.3
??,Jun-15,21.3
??,May-15,19.1
??,Apr-15,13.3
??,Mar-15,7.8
??,Feb-15,3.2
??,Jan-15,2
??,Dec-14,1.3
??,Nov-14,9.7
??,Oct-14,15.4
??,Sep-14,21.1
??,Aug-14,23.9
??,Jul-14,25
??,Jun-14,21.8
??,May-14,18.9
??,Apr-14,13.9
??,Mar-14,8.7
??,Feb-14,4.1
??,Jan-14,1.9
??,Dec-13,2.9
??,Nov-13,8.2
??,Oct-13,16.3
??,Sep-13,21.8
??,Aug-13,27.7
??,Jul-13,26.8
??,Jun-13,22.7
??,May-13,18.5
??,Apr-13,11.5
??,Mar-13,8.7
??,Feb-13,2.5
??,Jan-13,-0.3
??,Dec-12,0.3
??,Nov-12,7.7
??,Oct-12,14.9
??,Sep-12,20.7
??,Aug-12,26.7
??,Jul-12,26
??,Jun-12,21.8
??,May-12,18.8
??,Apr-12,13.5
??,Mar-12,7
??,Feb-12,0.8
??,Jan-12,0.6
??,Dec-11,2.2
??,Nov-11,11.7
??,Oct-11,14.9
??,Sep-11,21.9
??,Aug-11,25.3
??,Jul-11,25.5
??,Jun-11,22.5
??,May-11,17.6
??,Apr-11,12.5
??,Mar-11,6
??,Feb-11,3.4
??,Jan-11,-2.7
??,Dec-10,2.2
??,Nov-10,7.8
??,Oct-10,15.6
??,Sep-10,22.6
??,Aug-10,27.4
??,Jul-10,25.4
??,Jun-10,22.7
??,May-10,17.6
??,Apr-10,10.6
??,Mar-10,6.6
??,Feb-10,3.7
??,Jan-10,0.3
??,Dec-09,2.6
??,Nov-09,8.8
??,Oct-09,16
??,Sep-09,21.6
??,Aug-09,24.7
??,Jul-09,23.9
??,Jun-09,22.3
??,May-09,18.8
??,Apr-09,13.8
??,Mar-09,8.3
??,Feb-09,5.9
??,Jan-09,0.3
??,Dec-08,3
??,Nov-08,8.8
??,Oct-08,16.6
??,Sep-08,22
??,Aug-08,24.9
??,Jul-08,26.7
??,Jun-08,20.2
??,May-08,17.7
??,Apr-08,13.4
??,Mar-08,8
??,Feb-08,1.2
??,Jan-08,1.7
??,Dec-07,4.4
??,Nov-07,8.5
??,Oct-07,16.2
??,Sep-07,22
??,Aug-07,26.7
??,Jul-07,24
??,Jun-07,21.8
??,May-07,18.4
??,Apr-07,12.7
??,Mar-07,8.3
??,Feb-07,5.5
??,Jan-07,2.6
??,Dec-06,3.4
??,Nov-06,10
??,Oct-06,17.4
??,Sep-06,19.8
??,Aug-06,26.9
??,Jul-06,23.5
??,Jun-06,21.6
??,May-06,17.4
??,Apr-06,12.3
??,Mar-06,7.3
??,Feb-06,2.8
??,Jan-06,2.1
??,Dec-05,-0.1
??,Nov-05,9.2
??,Oct-05,15.2
??,Sep-05,22.4
??,Aug-05,25.5
??,Jul-05,25
??,Jun-05,22.7
??,May-05,17.8
??,Apr-05,14.1
??,Mar-05,6.3
??,Feb-05,1.3
??,Jan-05,0.4
??,Dec-04,4.6
??,Nov-04,10.2
??,Oct-04,15.1
??,Sep-04,21.5
??,Aug-04,25.4
??,Jul-04,26.1
??,Jun-04,22
??,May-04,18.1
??,Apr-04,14
??,Mar-04,8
??,Feb-04,4.6
??,Jan-04,0.8
??,Dec-03,3.5
??,Nov-03,11
??,Oct-03,14.5
??,Sep-03,22
??,Aug-03,24.4
??,Jul-03,22.2
??,Jun-03,21.2
??,May-03,17.2
??,Apr-03,13.3
??,Mar-03,7.2
??,Feb-03,3.9
??,Jan-03,0
??,Dec-02,3.9
??,Nov-02,6.3
??,Oct-02,13.8
??,Sep-02,20.4
??,Aug-02,24.3
??,Jul-02,24.6
??,Jun-02,21.5
??,May-02,17.1
??,Apr-02,14
??,Mar-02,9.1
??,Feb-02,4
??,Jan-02,3
??,May-25,16.8
??,Apr-25,13.4
??,Mar-25,7.8
??,Feb-25,-0.2
??,Jan-25,0.1
??,Dec-24,2.2
??,Nov-24,9.7
??,Oct-24,15.9
??,Sep-24,24.1
??,Aug-24,27.6
??,Jul-24,26.4
??,Jun-24,22.8
??,May-24,17.7
??,Apr-24,15
??,Mar-24,7
??,Feb-24,4.1
??,Jan-24,1.1
??,Dec-23,2.2
??,Nov-23,7.9
??,Oct-23,14.3
??,Sep-23,22.2
??,Aug-23,26.2
??,Jul-23,25.3
??,Jun-23,22.4
??,May-23,17.9
??,Apr-23,13.2
??,Mar-23,10
??,Feb-23,3
??,Jan-23,-0.3
??,Dec-22,-1.1
??,Nov-22,9.5
??,Oct-22,13.8
??,Sep-22,20.3
??,Aug-22,25.1
??,Jul-22,25.7
??,Jun-22,22.5
??,May-22,18.6
??,Apr-22,14.2
??,Mar-22,7.9
??,Feb-22,0.2
??,Jan-22,-0.4
??,Dec-21,2
??,Nov-21,8.2
??,Oct-21,14.7
??,Sep-21,20.6
??,Aug-21,24.1
??,Jul-21,25.4
??,Jun-21,21.3
??,May-21,16.3
??,Apr-21,12.8
??,Mar-21,8.8
??,Feb-21,3.5
??,Jan-21,-1.1
??,Dec-20,0.3
??,Nov-20,8.4
??,Oct-20,13.6
??,Sep-20,19.7
??,Aug-20,26.5
??,Jul-20,22
??,Jun-20,22.8
??,May-20,17.8
??,Apr-20,11.2
??,Mar-20,8.1
??,Feb-20,3.6
??,Jan-20,2.8
??,Dec-19,2.4
??,Nov-19,8.4
??,Oct-19,15.4
??,Sep-19,21.7
??,Aug-19,26.1
??,Jul-19,25
??,Jun-19,21.4
??,May-19,19.3
??,Apr-19,12.4
??,Mar-19,8.3
??,Feb-19,3.3
??,Jan-19,1
??,Dec-18,1.4
??,Nov-18,8
??,Oct-18,13.1
??,Sep-18,20.1
??,Aug-18,26.8
??,Jul-18,26.9
??,Jun-18,22.5
??,May-18,18
??,Apr-18,14.1
??,Mar-18,8.6
??,Feb-18,0.3
??,Jan-18,-1.6
??,Dec-17,-0.1
??,Nov-17,7.1
??,Oct-17,15.3
??,Sep-17,20.3
??,Aug-17,25
??,Jul-17,26.3
??,Jun-17,21.8
??,May-17,19.4
??,Apr-17,14.5
??,Mar-17,6.9
??,Feb-17,2.3
??,Jan-17,0.5
??,Dec-16,3.4
??,Nov-16,7.8
??,Oct-16,15.6
??,Sep-16,21
??,Aug-16,26.4
??,Jul-16,25.1
??,Jun-16,22.3
??,May-16,18.7
??,Apr-16,13.8
??,Mar-16,7.5
??,Feb-16,2
??,Jan-16,-0.7
??,Dec-15,3.6
??,Nov-15,10
??,Oct-15,14.7
??,Sep-15,19.8
??,Aug-15,25.1
??,Jul-15,24.1
??,Jun-15,21.4
??,May-15,19.4
??,Apr-15,12.8
??,Mar-15,7.3
??,Feb-15,2.4
??,Jan-15,0.8
??,Dec-14,-0.5
??,Nov-14,8.6
??,Oct-14,14.3
??,Sep-14,20.4
??,Aug-14,23.3
??,Jul-14,25.4
??,Jun-14,21.5
??,May-14,18.9
??,Apr-14,13.6
??,Mar-14,7.9
??,Feb-14,2.5
??,Jan-14,0.8
??,Dec-13,1.8
??,Nov-13,7
??,Oct-13,15.3
??,Sep-13,20.9
??,Aug-13,27.3
??,Jul-13,26.7
??,Jun-13,22.2
??,May-13,18.2
??,Apr-13,10.7
??,Mar-13,7.7
??,Feb-13,1.3
??,Jan-13,-1.8
??,Dec-12,-1.5
??,Nov-12,6.6
??,Oct-12,14
??,Sep-12,20
??,Aug-12,26.1
??,Jul-12,25.7
??,Jun-12,21.5
??,May-12,18.1
??,Apr-12,13.3
??,Mar-12,6.3
??,Feb-12,-0.3
??,Jan-12,-0.6
??,Dec-11,1.1
??,Nov-11,10.6
??,Oct-11,13.8
??,Sep-11,20.9
??,Aug-11,24.9
??,Jul-11,25
??,Jun-11,22.3
??,May-11,17
??,Apr-11,11.9
??,Mar-11,5.3
??,Feb-11,2.4
??,Jan-11,-3.9
??,Dec-10,0.9
??,Nov-10,7
??,Oct-10,14.5
??,Sep-10,21.3
??,Aug-10,26.9
??,Jul-10,25.5
??,Jun-10,22.4
??,May-10,17.3
??,Apr-10,10
??,Mar-10,5.4
??,Feb-10,2.4
??,Jan-10,-1.4
??,Dec-09,1.3
??,Nov-09,7.9
??,Oct-09,15.2
??,Sep-09,20.7
??,Aug-09,23.9
??,Jul-09,23.3
??,Jun-09,22.2
??,May-09,18.7
??,Apr-09,13.4
??,Mar-09,7.5
??,Feb-09,4.8
??,Jan-09,-0.8
??,Dec-08,2
??,Nov-08,7.9
??,Oct-08,15.6
??,Sep-08,20.9
??,Aug-08,24.1
??,Jul-08,26.4
??,Jun-08,20
??,May-08,17.8
??,Apr-08,13.1
??,Mar-08,7.3
??,Feb-08,0.3
??,Jan-08,0.4
??,Dec-07,2.7
??,Nov-07,7.3
??,Oct-07,15
??,Sep-07,21.1
??,Aug-07,26
??,Jul-07,23.2
??,Jun-07,21.4
??,May-07,17.9
??,Apr-07,12.3
??,Mar-07,7.2
??,Feb-07,4.6
??,Jan-07,1.6
??,Dec-06,2.1
??,Nov-06,8.6
??,Oct-06,16.7
??,Sep-06,19.1
??,Aug-06,26.4
??,Jul-06,22.7
??,Jun-06,21.3
??,May-06,17.1
??,Apr-06,11.6
??,Mar-06,6.5
??,Feb-06,1.7
??,Jan-06,0.8
??,Dec-05,-1.9
??,Nov-05,8.1
??,Oct-05,14.2
??,Sep-05,21
??,Aug-05,25
??,Jul-05,24.9
??,Jun-05,22.6
??,May-05,17
??,Apr-05,13.8
??,Mar-05,5.4
??,Feb-05,-0.2
??,Jan-05,-0.6
??,Dec-04,3.2
??,Nov-04,9.1
??,Oct-04,13.9
??,Sep-04,20.3
??,Aug-04,24.4
??,Jul-04,25.5
??,Jun-04,21.6
??,May-04,17.8
??,Apr-04,13.8
??,Mar-04,6.9
??,Feb-04,3.4
??,Jan-04,-0.5
??,Dec-03,2.4
??,Nov-03,9.8
??,Oct-03,13.2
??,Sep-03,20.5
??,Aug-03,23.5
??,Jul-03,21.5
??,Jun-03,20.7
??,May-03,16.5
??,Apr-03,12.4
??,Mar-03,6.1
??,Feb-03,2.4
??,Jan-03,-1.5
??,Dec-02,2.3
??,Nov-02,4.7
??,Oct-02,12.5
??,Sep-02,19.2
??,Aug-02,23.3
??,Jul-02,24.2
??,Jun-02,20.8
??,May-02,16.5
??,Apr-02,13.3
??,Mar-02,8.3
??,Feb-02,2.8
??,Jan-02,1.2
??,Jan-02,2.9
??,Feb-02,3.4
??,Mar-02,8.7
??,Apr-02,14.4
??,May-02,18.1
??,Jun-02,22.5
??,Jul-02,25.4
??,Aug-02,24.7
??,Sep-02,21.5
??,Oct-02,14.5
??,Nov-02,6.3
??,Dec-02,4
??,Jan-03,-0.5
??,Feb-03,3.8
??,Mar-03,7.1
??,Apr-03,13.8
??,May-03,19.1
??,Jun-03,21.6
??,Jul-03,23
??,Aug-03,24.3
??,Sep-03,22
??,Oct-03,14.7
??,Nov-03,11
??,Dec-03,3.1
??,Jan-04,0
??,Feb-04,3.9
??,Mar-04,7.7
??,Apr-04,13.7
??,May-04,18.2
??,Jun-04,22.6
??,Jul-04,26.1
??,Aug-04,26.3
??,Sep-04,22
??,Oct-04,15.9
??,Nov-04,10.2
??,Dec-04,4.9
??,Jan-05,0
??,Feb-05,0.6
??,Mar-05,5.3
??,Apr-05,14.2
??,May-05,18.4
??,Jun-05,23.7
??,Jul-05,26.2
??,Aug-05,26.1
??,Sep-05,23.5
??,Oct-05,15.7
??,Nov-05,10.2
??,Dec-05,-0.6
??,Jan-06,2.6
??,Feb-06,2.5
??,Mar-06,7.3
??,Apr-06,12.2
??,May-06,18.4
??,Jun-06,22.6
??,Jul-06,24.5
??,Aug-06,27
??,Sep-06,20.5
??,Oct-06,18.2
??,Nov-06,11
??,Dec-06,3.6
??,Jan-07,2.4
??,Feb-07,5.9
??,Mar-07,8.4
??,Apr-07,12.5
??,May-07,18.9
??,Jun-07,22.9
??,Jul-07,25.1
??,Aug-07,26.9
??,Sep-07,22.3
??,Oct-07,16.3
??,Nov-07,9
??,Dec-07,4.9
??,Jan-08,1.2
??,Feb-08,1.1
??,Mar-08,8.6
??,Apr-08,14.5
??,May-08,18.7
??,Jun-08,22.2
??,Jul-08,27.3
??,Aug-08,26.3
??,Sep-08,23.7
??,Oct-08,17.8
??,Nov-08,9.8
??,Dec-08,4.1
??,Jan-09,1.1
??,Feb-09,5.8
??,Mar-09,8.3
??,Apr-09,13.9
??,May-09,19.7
??,Jun-09,23.4
??,Jul-09,24.8
??,Aug-09,26.1
??,Sep-09,22.7
??,Oct-09,17.3
??,Nov-09,9.7
??,Dec-09,2.8
??,Jan-10,0.5
??,Feb-10,4.4
??,Mar-10,7.4
??,Apr-10,11.2
??,May-10,18.6
??,Jun-10,23.7
??,Jul-10,26.3
??,Aug-10,28.1
??,Sep-10,23.6
??,Oct-10,15.7
??,Nov-10,8.4
??,Dec-10,2.5
??,Jan-11,-3.4
??,Feb-11,3.1
??,Mar-11,5.3
??,Apr-11,12.2
??,May-11,19
??,Jun-11,23.3
??,Jul-11,26.5
??,Aug-11,25.9
??,Sep-11,22.7
??,Oct-11,15.4
??,Nov-11,12.6
??,Dec-11,2.2
??,Jan-12,0.4
??,Feb-12,0.4
??,Mar-12,6.5
??,Apr-12,13.6
??,May-12,20
??,Jun-12,23.4
??,Jul-12,26.4
??,Aug-12,27.6
??,Sep-12,21.3
??,Oct-12,15.9
??,Nov-12,8.1
??,Dec-12,0.4
??,Jan-13,0
??,Feb-13,2
??,Mar-13,7.6
??,Apr-13,11.4
??,May-13,19.1
??,Jun-13,23.9
??,Jul-13,27.1
??,Aug-13,28.4
??,Sep-13,22.6
??,Oct-13,16.8
??,Nov-13,8.6
??,Dec-13,2.9
??,Jan-14,2.1
??,Feb-14,4.2
??,Mar-14,8.6
??,Apr-14,14.5
??,May-14,19.2
??,Jun-14,22.9
??,Jul-14,25.2
??,Aug-14,24.4
??,Sep-14,22.3
??,Oct-14,16.4
??,Nov-14,10.3
??,Dec-14,1.2
??,Jan-15,1.7
??,Feb-15,3
??,Mar-15,8
??,Apr-15,13.9
??,May-15,19.4
??,Jun-15,22.5
??,Jul-15,25.4
??,Aug-15,26
??,Sep-15,22
??,Oct-15,16.9
??,Nov-15,11.6
??,Dec-15,5.3
??,Jan-16,0.9
??,Feb-16,3.3
??,Mar-16,8.4
??,Apr-16,15.5
??,May-16,19.8
??,Jun-16,23
??,Jul-16,26.9
??,Aug-16,27.8
??,Sep-16,23
??,Oct-16,17.2
??,Nov-16,9.6
??,Dec-16,4.7
??,Jan-17,2
??,Feb-17,2.9
??,Mar-17,7.4
??,Apr-17,15.1
??,May-17,19.8
??,Jun-17,23.1
??,Jul-17,27.8
??,Aug-17,27
??,Sep-17,22.4
??,Oct-17,17
??,Nov-17,8.8
??,Dec-17,1.9
??,Jan-18,-0.2
??,Feb-18,1.8
??,Mar-18,10
??,Apr-18,15.1
??,May-18,19.5
??,Jun-18,23.6
??,Jul-18,28.3
??,Aug-18,28.4
??,Sep-18,21.6
??,Oct-18,14.5
??,Nov-18,9.9
??,Dec-18,3.2
??,Jan-19,1.8
??,Feb-19,3.6
??,Mar-19,8.4
??,Apr-19,13
??,May-19,19.2
??,Jun-19,22
??,Jul-19,25.3
??,Aug-19,27
??,Sep-19,22.9
??,Oct-19,17.1
??,Nov-19,10.8
??,Dec-19,4.8
??,Jan-20,4.6
??,Feb-20,5.3
??,Mar-20,9
??,Apr-20,11.5
??,May-20,18.8
??,Jun-20,23.6
??,Jul-20,23.4
??,Aug-20,27.6
??,Sep-20,21.3
??,Oct-20,15.7
??,Nov-20,10.5
??,Dec-20,2.7
??,Jan-21,1.4
??,Feb-21,5.1
??,Mar-21,10.6
??,Apr-21,14.9
??,May-21,18.4
??,Jun-21,23.3
??,Jul-21,27
??,Aug-21,25.8
??,Sep-21,22.9
??,Oct-21,17.2
??,Nov-21,10.2
??,Dec-21,4.1
??,Jan-22,1.6
??,Feb-22,1.8
??,Mar-22,9.6
??,Apr-22,15.5
??,May-22,19.3
??,Jun-22,23.8
??,Jul-22,27
??,Aug-22,26.9
??,Sep-22,23.1
??,Oct-22,16
??,Nov-22,11.8
??,Dec-22,1.1
??,Jan-23,1.7
??,Feb-23,4.2
??,Mar-23,11.2
??,Apr-23,14.7
??,May-23,19.4
??,Jun-23,23.4
??,Jul-23,26.3
??,Aug-23,27.3
??,Sep-23,23.8
??,Oct-23,16.6
??,Nov-23,9.9
??,Dec-23,4.8
??,Jan-24,3
??,Feb-24,6.1
??,Mar-24,8.2
??,Apr-24,16.6
??,May-24,19.2
??,Jun-24,23.8
??,Jul-24,26.9
??,Aug-24,28.5
??,Sep-24,26.3
??,Oct-24,17.7
??,Nov-24,11.5
??,Dec-24,3.8
??,Jan-25,1.9
??,Feb-25,1.1
??,Mar-25,9.3
??,Apr-25,14.6
??,May-25,18.2
??,Jan-02,2.3
??,Feb-02,4
??,Mar-02,10.1
??,Apr-02,15.6
??,May-02,18.5
??,Jun-02,23.3
??,Jul-02,26.1
??,Aug-02,24.9
??,Sep-02,21
??,Oct-02,14.3
??,Nov-02,6.2
??,Dec-02,3.4
??,Jan-03,-0.4
??,Feb-03,4
??,Mar-03,7.8
??,Apr-03,14.1
??,May-03,18.5
??,Jun-03,22.2
??,Jul-03,22.5
??,Aug-03,25
??,Sep-03,22.1
??,Oct-03,15
??,Nov-03,10.9
??,Dec-03,3.3
??,Jan-04,0.8
??,Feb-04,4.8
??,Mar-04,8.4
??,Apr-04,15.4
??,May-04,19.4
??,Jun-04,23.1
??,Jul-04,27.3
??,Aug-04,25.8
??,Sep-04,21.6
??,Oct-04,15.7
??,Nov-04,11
??,Dec-04,4.8
??,Jan-05,0.7
??,Feb-05,1.4
??,Mar-05,7.2
??,Apr-05,16
??,May-05,19.5
??,Jun-05,24.9
??,Jul-05,26.4
??,Aug-05,26.3
??,Sep-05,22.6
??,Oct-05,15.8
??,Nov-05,10
??,Dec-05,-0.3
??,Jan-06,2.6
??,Feb-06,3.1
??,Mar-06,8.2
??,Apr-06,13.4
??,May-06,18.9
??,Jun-06,23.4
??,Jul-06,24.2
??,Aug-06,28.2
??,Sep-06,20.6
??,Oct-06,18.6
??,Nov-06,10.2
??,Dec-06,3.6
??,Jan-07,3.3
??,Feb-07,6.2
??,Mar-07,8.8
??,Apr-07,14.2
??,May-07,19.9
??,Jun-07,23
??,Jul-07,24.8
??,Aug-07,27.6
??,Sep-07,22.4
??,Oct-07,16.7
??,Nov-07,9
??,Dec-07,4.3
??,Jan-08,1.5
??,Feb-08,1.5
??,Mar-08,9.1
??,Apr-08,14.8
??,May-08,19.7
??,Jun-08,21.1
??,Jul-08,28.4
??,Aug-08,25.8
??,Sep-08,23
??,Oct-08,17.8
??,Nov-08,9.5
??,Dec-08,3.3
??,Jan-09,0.7
??,Feb-09,6.4
??,Mar-09,9
??,Apr-09,15.4
??,May-09,20.9
??,Jun-09,24
??,Jul-09,24.8
??,Aug-09,25.5
??,Sep-09,22.6
??,Oct-09,17.2
??,Nov-09,9.1
??,Dec-09,2.5
??,Jan-10,0
??,Feb-10,3.9
??,Mar-10,6.9
??,Apr-10,11.5
??,May-10,19.4
??,Jun-10,24.8
??,Jul-10,26.7
??,Aug-10,28.7
??,Sep-10,23.3
??,Oct-10,16.4
??,Nov-10,8.6
??,Dec-10,2
??,Jan-11,-2.5
??,Feb-11,4.2
??,Mar-11,7
??,Apr-11,13.7
??,May-11,18.8
??,Jun-11,24.3
??,Jul-11,26.8
??,Aug-11,26.2
??,Sep-11,23
??,Oct-11,15.7
??,Nov-11,11.9
??,Dec-11,2.3
??,Jan-12,0.8
??,Feb-12,1.1
??,Mar-12,7.7
??,Apr-12,15.1
??,May-12,20.1
??,Jun-12,23.2
??,Jul-12,27.5
??,Aug-12,27.9
??,Sep-12,21.7
??,Oct-12,15.8
??,Nov-12,8.2
??,Dec-12,-0.3
??,Jan-13,-0.1
??,Feb-13,2.6
??,Mar-13,9.8
??,Apr-13,12.3
??,May-13,20.3
??,Jun-13,24.3
??,Jul-13,28.7
??,Aug-13,29
??,Sep-13,23
??,Oct-13,17.2
??,Nov-13,8.9
??,Dec-13,3.5
??,Jan-14,2.8
??,Feb-14,4.5
??,Mar-14,9.7
??,Apr-14,15.5
??,May-14,21.2
??,Jun-14,23.4
??,Jul-14,27
??,Aug-14,24.7
??,Sep-14,22.5
??,Oct-14,16.4
??,Nov-14,10.3
??,Dec-14,1.2
??,Jan-15,2.3
??,Feb-15,3.8
??,Mar-15,9.2
??,Apr-15,14.6
??,May-15,21.7
??,Jun-15,22.9
??,Jul-15,25
??,Aug-15,26
??,Sep-15,20.6
??,Oct-15,15.8
??,Nov-15,11
??,Dec-15,4.5
??,Jan-16,-0.2
??,Feb-16,3.1
??,Mar-16,8.8
??,Apr-16,14.9
??,May-16,20
??,Jun-16,23.4
??,Jul-16,26.4
??,Aug-16,27.6
??,Sep-16,21.9
??,Oct-16,16.6
??,Nov-16,8.8
??,Dec-16,4
??,Jan-17,1.1
??,Feb-17,3.2
??,Mar-17,7.9
??,Apr-17,15.7
??,May-17,20.8
??,Jun-17,23.3
??,Jul-17,28
??,Aug-17,26.4
??,Sep-17,21.5
??,Oct-17,16.2
??,Nov-17,7.8
??,Dec-17,0.7
??,Jan-18,-0.9
??,Feb-18,1.3
??,Mar-18,9.2
??,Apr-18,15
??,May-18,19.2
??,Jun-18,23.6
??,Jul-18,28.2
??,Aug-18,27.7
??,Sep-18,21
??,Oct-18,14.3
??,Nov-18,8.8
??,Dec-18,2
??,Jan-19,1.7
??,Feb-19,4
??,Mar-19,9.4
??,Apr-19,13.5
??,May-19,20.7
??,Jun-19,22.8
??,Jul-19,25.8
??,Aug-19,27.4
??,Sep-19,22.6
??,Oct-19,16.8
??,Nov-19,9.8
??,Dec-19,3.5
??,Jan-20,3.8
??,Feb-20,4.9
??,Mar-20,9.5
??,Apr-20,12.6
??,May-20,19.4
??,Jun-20,24.5
??,Jul-20,23.2
??,Aug-20,28.6
??,Sep-20,21.2
??,Oct-20,15.4
??,Nov-20,9.7
??,Dec-20,1.6
??,Jan-21,0.5
??,Feb-21,4.8
??,Mar-21,10.2
??,Apr-21,14.5
??,May-21,18.3
??,Jun-21,23.2
??,Jul-21,26.9
??,Aug-21,25.7
??,Sep-21,22.1
??,Oct-21,16.5
??,Nov-21,9.5
??,Dec-21,3.1
??,Jan-22,0.9
??,Feb-22,1.6
??,Mar-22,9.7
??,Apr-22,15.9
??,May-22,20.7
??,Jun-22,24.3
??,Jul-22,27.5
??,Aug-22,26.9
??,Sep-22,21.9
??,Oct-22,15.5
??,Nov-22,11
??,Dec-22,0.4
??,Jan-23,0.9
??,Feb-23,4.4
??,Mar-23,11.8
??,Apr-23,14.8
??,May-23,19.3
??,Jun-23,24
??,Jul-23,26.7
??,Aug-23,27.5
??,Sep-23,23.5
??,Oct-23,15.9
??,Nov-23,9.2
??,Dec-23,3.5
??,Jan-24,2.3
??,Feb-24,5.4
??,Mar-24,8.5
??,Apr-24,16.3
??,May-24,19.4
??,Jun-24,24.6
??,Jul-24,27.8
??,Aug-24,29.1
??,Sep-24,25.4
??,Oct-24,17
??,Nov-24,10.7
??,Dec-24,3.5
??,Jan-25,1.4
??,Feb-25,1.2
??,Mar-25,9.6
??,Apr-25,14.9
??,May-25,18.1
??,Jan-02,1.7
??,Feb-02,2.4
??,Mar-02,8.6
??,Apr-02,14.8
??,May-02,18.1
??,Jun-02,22.6
??,Jul-02,25.8
??,Aug-02,24.6
??,Sep-02,21
??,Oct-02,12.9
??,Nov-02,4.9
??,Dec-02,2.4
??,Jan-03,-1.7
??,Feb-03,2.9
??,Mar-03,6.9
??,Apr-03,13.6
??,May-03,19.4
??,Jun-03,22
??,Jul-03,23.4
??,Aug-03,24.4
??,Sep-03,21.6
??,Oct-03,14
??,Nov-03,10
??,Dec-03,2.3
??,Jan-04,-0.5
??,Feb-04,3.6
??,Mar-04,7
??,Apr-04,13.9
??,May-04,18.6
??,Jun-04,23.5
??,Jul-04,26.1
??,Aug-04,25.9
??,Sep-04,21.4
??,Oct-04,14.7
??,Nov-04,9.1
??,Dec-04,3.1
??,Jan-05,-1.4
??,Feb-05,-0.9
??,Mar-05,4.7
??,Apr-05,13.6
??,May-05,17.3
??,Jun-05,22.7
??,Jul-05,25.4
??,Aug-05,25.1
??,Sep-05,22.1
??,Oct-05,14.2
??,Nov-05,8.3
??,Dec-05,-2.9
??,Jan-06,0.3
??,Feb-06,0.9
??,Mar-06,6.1
??,Apr-06,11.7
??,May-06,18.5
??,Jun-06,22.3
??,Jul-06,23.1
??,Aug-06,26.7
??,Sep-06,20
??,Oct-06,17.1
??,Nov-06,8.8
??,Dec-06,1.5
??,Jan-07,0.4
??,Feb-07,4.2
??,Mar-07,6.9
??,Apr-07,12
??,May-07,18.3
??,Jun-07,22.5
??,Jul-07,24.2
??,Aug-07,26.1
??,Sep-07,21.2
??,Oct-07,14.8
??,Nov-07,6.6
??,Dec-07,2
??,Jan-08,-0.9
??,Feb-08,-0.8
??,Mar-08,7.6
??,Apr-08,14
??,May-08,18.1
??,Jun-08,21.1
??,Jul-08,26.1
??,Aug-08,24.6
??,Sep-08,21.4
??,Oct-08,15.2
??,Nov-08,7.6
??,Dec-08,1.7
??,Jan-09,-1.7
??,Feb-09,3.5
??,Mar-09,6.7
??,Apr-09,12.7
??,May-09,18.3
??,Jun-09,22.1
??,Jul-09,22.9
??,Aug-09,24.5
??,Sep-09,21.4
??,Oct-09,15.6
??,Nov-09,7.4
??,Dec-09,0.2
??,Jan-10,-2.7
??,Feb-10,2.1
??,Mar-10,5.3
??,Apr-10,10
??,May-10,17.8
??,Jun-10,23.4
??,Jul-10,25.7
??,Aug-10,27.1
??,Sep-10,21.9
??,Oct-10,14.2
??,Nov-10,6.9
??,Dec-10,0.1
??,Jan-11,-5.7
??,Feb-11,1.8
??,Mar-11,4.5
??,Apr-11,11.6
??,May-11,18.1
??,Jun-11,22.7
??,Jul-11,25.7
??,Aug-11,25.8
??,Sep-11,21.2
??,Oct-11,13.5
??,Nov-11,11.2
??,Dec-11,0.4
??,Jan-12,-1.5
??,Feb-12,-1
??,Mar-12,5.7
??,Apr-12,13.2
??,May-12,19.8
??,Jun-12,23.8
??,Jul-12,26.3
??,Aug-12,27.1
??,Sep-12,20.6
??,Oct-12,14.3
??,Nov-12,6
??,Dec-12,-3
??,Jan-13,-2.6
??,Feb-13,0
??,Mar-13,6.6
??,Apr-13,10.6
??,May-13,18.8
??,Jun-13,23.9
??,Jul-13,26.8
??,Aug-13,27.8
??,Sep-13,21.4
??,Oct-13,15.5
??,Nov-13,6.7
??,Dec-13,1.3
??,Jan-14,-0.1
??,Feb-14,2.7
??,Mar-14,8.3
??,Apr-14,14.3
??,May-14,19.4
??,Jun-14,22.9
??,Jul-14,25.9
??,Aug-14,24.2
??,Sep-14,21.6
??,Oct-14,14.9
??,Nov-14,8.5
??,Dec-14,-1.3
??,Jan-15,0
??,Feb-15,1.9
??,Mar-15,7.2
??,Apr-15,13.3
??,May-15,19.5
??,Jun-15,23.4
??,Jul-15,25.4
??,Aug-15,26.4
??,Sep-15,21.7
??,Oct-15,15.5
??,Nov-15,10.1
??,Dec-15,3.1
??,Jan-16,-1.3
??,Feb-16,1.5
??,Mar-16,7.5
??,Apr-16,14.8
??,May-16,19.8
??,Jun-16,23.7
??,Jul-16,26.6
??,Aug-16,27.9
??,Sep-16,22.4
??,Oct-16,15.7
??,Nov-16,7.2
??,Dec-16,2.5
??,Jan-17,-0.4
??,Feb-17,1.2
??,Mar-17,6.8
??,Apr-17,14.5
??,May-17,19.6
??,Jun-17,23.3
??,Jul-17,27.1
??,Aug-17,26
??,Sep-17,21.1
??,Oct-17,15.4
??,Nov-17,6.4
??,Dec-17,-0.4
??,Jan-18,-2.5
??,Feb-18,-0.4
??,Mar-18,8.7
??,Apr-18,13.9
??,May-18,19.2
??,Jun-18,23.6
??,Jul-18,27.9
??,Aug-18,29
??,Sep-18,21.2
??,Oct-18,13
??,Nov-18,8
??,Dec-18,0.6
??,Jan-19,0
??,Feb-19,2
??,Mar-19,7.7
??,Apr-19,12.9
??,May-19,19.7
??,Jun-19,22.6
??,Jul-19,25.8
??,Aug-19,27.2
??,Sep-19,22.5
??,Oct-19,16.2
??,Nov-19,8.7
??,Dec-19,2.6
??,Jan-20,2.7
??,Feb-20,3.6
??,Mar-20,8.5
??,Apr-20,11.5
??,May-20,18.8
??,Jun-20,24.1
??,Jul-20,23.6
??,Aug-20,27.5
??,Sep-20,21.2
??,Oct-20,14.2
??,Nov-20,8.6
??,Dec-20,0.5
??,Jan-21,-1
??,Feb-21,4
??,Mar-21,9.6
??,Apr-21,14.7
??,May-21,17.7
??,Jun-21,23.5
??,Jul-21,27.8
??,Aug-21,25.8
??,Sep-21,22.4
??,Oct-21,15.7
??,Nov-21,8.9
??,Dec-21,1.9
??,Jan-22,-0.8
??,Feb-22,0.1
??,Mar-22,8.3
??,Apr-22,14.9
??,May-22,19.4
??,Jun-22,24.1
??,Jul-22,27
??,Aug-22,25.7
??,Sep-22,21.8
??,Oct-22,14.3
??,Nov-22,9.5
??,Dec-22,-2
??,Jan-23,-0.9
??,Feb-23,2.4
??,Mar-23,10.2
??,Apr-23,13.7
??,May-23,19
??,Jun-23,23.6
??,Jul-23,25.8
??,Aug-23,27
??,Sep-23,22.8
??,Oct-23,15
??,Nov-23,7.6
??,Dec-23,2.2
??,Jan-24,0.3
??,Feb-24,4.3
??,Mar-24,7.2
??,Apr-24,16.1
??,May-24,18.5
??,Jun-24,24
??,Jul-24,26.6
??,Aug-24,28.7
??,Sep-24,25.8
??,Oct-24,16.3
??,Nov-24,9.7
??,Dec-24,1.8
??,Jan-25,0.5
??,Feb-25,-0.1
??,Mar-25,8.6
??,Apr-25,14.4
??,May-25,18
??,Jan-02,4.8
??,Feb-02,6.6
??,Mar-02,10.7
??,Apr-02,14.4
??,May-02,17
??,Jun-02,20.9
??,Jul-02,24
??,Aug-02,24.2
??,Sep-02,21.7
??,Oct-02,16.4
??,Nov-02,8.8
??,Dec-02,6.5
??,Jan-03,2.5
??,Feb-03,6.3
??,Mar-03,8.6
??,Apr-03,13.8
??,May-03,16.9
??,Jun-03,20.8
??,Jul-03,21.3
??,Aug-03,24.1
??,Sep-03,22.5
??,Oct-03,16.6
??,Nov-03,13.1
??,Dec-03,5.2
??,Jan-04,2.8
??,Feb-04,6.6
??,Mar-04,8.8
??,Apr-04,14
??,May-04,17.3
??,Jun-04,21
??,Jul-04,24.2
??,Aug-04,25.2
??,Sep-04,22
??,Oct-04,16.8
??,Nov-04,12.5
??,Dec-04,7.4
??,Jan-05,2
??,Feb-05,2.5
??,Mar-05,7.1
??,Apr-05,14
??,May-05,17.1
??,Jun-05,21
??,Jul-05,23.8
??,Aug-05,25.8
??,Sep-05,22.8
??,Oct-05,17.1
??,Nov-05,11.6
??,Dec-05,1.2
??,Jan-06,3.9
??,Feb-06,4
??,Mar-06,8
??,Apr-06,12.2
??,May-06,16.3
??,Jun-06,20.3
??,Jul-06,22.6
??,Aug-06,27.5
??,Sep-06,21.3
??,Oct-06,20
??,Nov-06,13.1
??,Dec-06,6.6
??,Jan-07,5.2
??,Feb-07,7.9
??,Mar-07,9.1
??,Apr-07,13.2
??,May-07,17.8
??,Jun-07,20.5
??,Jul-07,22.8
??,Aug-07,26.7
??,Sep-07,22.9
??,Oct-07,18.3
??,Nov-07,11.9
??,Dec-07,7.3
??,Jan-08,4.7
??,Feb-08,3.8
??,Mar-08,9.5
??,Apr-08,13.9
??,May-08,17.4
??,Jun-08,19.7
??,Jul-08,25.6
??,Aug-08,25
??,Sep-08,22.9
??,Oct-08,19.1
??,Nov-08,11.6
??,Dec-08,6.6
??,Jan-09,3.5
??,Feb-09,8.3
??,Mar-09,9.8
??,Apr-09,14.3
??,May-09,18.6
??,Jun-09,21.4
??,Jul-09,23.3
??,Aug-09,25
??,Sep-09,22.7
??,Oct-09,18.8
??,Nov-09,11.1
??,Dec-09,5.4
??,Jan-10,3
??,Feb-10,5.8
??,Mar-10,7.8
??,Apr-10,11.5
??,May-10,17.2
??,Jun-10,22
??,Jul-10,25.2
??,Aug-10,27.9
??,Sep-10,24.1
??,Oct-10,18.2
??,Nov-10,11.3
??,Dec-10,5.2
??,Jan-11,-0.7
??,Feb-11,6.1
??,Mar-11,7.4
??,Apr-11,13.1
??,May-11,17.3
??,Jun-11,21.3
??,Jul-11,25.1
??,Aug-11,25.8
??,Sep-11,23.3
??,Oct-11,17.6
??,Nov-11,14.1
??,Dec-11,4.4
??,Jan-12,2.8
??,Feb-12,2.8
??,Mar-12,8.3
??,Apr-12,14
??,May-12,18.9
??,Jun-12,21.6
??,Jul-12,25.5
??,Aug-12,27.5
??,Sep-12,22.2
??,Oct-12,17.8
??,Nov-12,10.1
??,Dec-12,2.9
??,Jan-13,2.5
??,Feb-13,4.7
??,Mar-13,10.2
??,Apr-13,12.6
??,May-13,18.2
??,Jun-13,21.9
??,Jul-13,26.1
??,Aug-13,28
??,Sep-13,23.7
??,Oct-13,18.9
??,Nov-13,10.9
??,Dec-13,5.4
??,Jan-14,5
??,Feb-14,5.8
??,Mar-14,9.8
??,Apr-14,14.6
??,May-14,18.7
??,Jun-14,21.4
??,Jul-14,24.8
??,Aug-14,24.2
??,Sep-14,22.7
??,Oct-14,17.9
??,Nov-14,12.7
??,Dec-14,3.5
??,Jan-15,4.7
??,Feb-15,5.4
??,Mar-15,9.5
??,Apr-15,13.9
??,May-15,18.8
??,Jun-15,21
??,Jul-15,23.9
??,Aug-15,26.1
??,Sep-15,22.1
??,Oct-15,18.1
??,Nov-15,13.6
??,Dec-15,7.9
??,Jan-16,3.1
??,Feb-16,5.5
??,Mar-16,9.9
??,Apr-16,15.1
??,May-16,19.3
??,Jun-16,21.9
??,Jul-16,25.3
??,Aug-16,27.7
??,Sep-16,22.9
??,Oct-16,18.7
??,Nov-16,11.8
??,Dec-16,7.3
??,Jan-17,4.1
??,Feb-17,5.5
??,Mar-17,9
??,Apr-17,15
??,May-17,19
??,Jun-17,21.3
??,Jul-17,26.1
??,Aug-17,27
??,Sep-17,22.6
??,Oct-17,18.1
??,Nov-17,11.2
??,Dec-17,3.6
??,Jan-18,1.9
??,Feb-18,3.9
??,Mar-18,10
??,Apr-18,14.5
??,May-18,17.8
??,Jun-18,21.5
??,Jul-18,26.7
??,Aug-18,27.9
??,Sep-18,21.9
??,Oct-18,16.4
??,Nov-18,12.4
??,Dec-18,5.7
??,Jan-19,4.5
??,Feb-19,6.6
??,Mar-19,10.5
??,Apr-19,13.4
??,May-19,19.3
??,Jun-19,21.1
??,Jul-19,24.3
??,Aug-19,27
??,Sep-19,23.1
??,Oct-19,18.6
??,Nov-19,13
??,Dec-19,7
??,Jan-20,6.4
??,Feb-20,7.1
??,Mar-20,10.4
??,Apr-20,12.6
??,May-20,17.9
??,Jun-20,22.4
??,Jul-20,22.1
??,Aug-20,27.2
??,Sep-20,21.9
??,Oct-20,17.3
??,Nov-20,12.4
??,Dec-20,4.3
??,Jan-21,3.3
??,Feb-21,7.2
??,Mar-21,11.4
??,Apr-21,14.7
??,May-21,17.7
??,Jun-21,21.9
??,Jul-21,26.3
??,Aug-21,26.2
??,Sep-21,22.9
??,Oct-21,18.7
??,Nov-21,12.5
??,Dec-21,6
??,Jan-22,4
??,Feb-22,3.6
??,Mar-22,10.5
??,Apr-22,14.9
??,May-22,19
??,Jun-22,21.7
??,Jul-22,26.2
??,Aug-22,26.4
??,Sep-22,22.9
??,Oct-22,17.6
??,Nov-22,14.4
??,Dec-22,3.3
??,Jan-23,3.8
??,Feb-23,6.8
??,Mar-23,12.3
??,Apr-23,14.6
??,May-23,17.9
??,Jun-23,22.5
??,Jul-23,25.5
??,Aug-23,27.8
??,Sep-23,24.5
??,Oct-23,18.3
??,Nov-23,11.8
??,Dec-23,6.4
??,Jan-24,5.1
??,Feb-24,7.4
??,Mar-24,9.6
??,Apr-24,15.9
??,May-24,18.6
??,Jun-24,22.6
??,Jul-24,26
??,Aug-24,29.1
??,Sep-24,26.7
??,Oct-24,19.5
??,Nov-24,13.7
??,Dec-24,5.7
??,Jan-25,4
??,Feb-25,2.9
??,Mar-25,9.8
??,Apr-25,14
??,May-25,17.4
??,Jan-02,0.3
??,Feb-02,2.9
??,Mar-02,7.6
??,Apr-02,13.6
??,May-02,18.2
??,Jun-02,22.2
??,Jul-02,25.2
??,Aug-02,24.2
??,Sep-02,21.6
??,Oct-02,12.8
??,Nov-02,4
??,Dec-02,1.7
??,Jan-03,-2.5
??,Feb-03,2.7
??,Mar-03,6.5
??,Apr-03,13.2
??,May-03,19.6
??,Jun-03,21.5
??,Jul-03,23.8
??,Aug-03,24.1
??,Sep-03,20.9
??,Oct-03,13.9
??,Nov-03,9.5
??,Dec-03,0.7
??,Jan-04,-1.5
??,Feb-04,2.3
??,Mar-04,6.3
??,Apr-04,13.1
??,May-04,17.6
??,Jun-04,23.2
??,Jul-04,24.8
??,Aug-04,26.1
??,Sep-04,21.7
??,Oct-04,15.2
??,Nov-04,9.1
??,Dec-04,1.9
??,Jan-05,-2.5
??,Feb-05,-1.9
??,Mar-05,4.1
??,Apr-05,13.2
??,May-05,17.7
??,Jun-05,22.7
??,Jul-05,25.3
??,Aug-05,25.1
??,Sep-05,21.8
??,Oct-05,14.7
??,Nov-05,8.6
??,Dec-05,-3.9
??,Jan-06,-0.2
??,Feb-06,0.1
??,Mar-06,5.2
??,Apr-06,11.6
??,May-06,18.4
??,Jun-06,21.8
??,Jul-06,23.1
??,Aug-06,27
??,Sep-06,21.1
??,Oct-06,17.9
??,Nov-06,8.4
??,Dec-06,1.4
??,Jan-07,0.4
??,Feb-07,4
??,Mar-07,6.1
??,Apr-07,11.4
??,May-07,18.1
??,Jun-07,23.2
??,Jul-07,24.2
??,Aug-07,26.5
??,Sep-07,21.5
??,Oct-07,15.1
??,Nov-07,6.7
??,Dec-07,1.8
??,Jan-08,-1.7
??,Feb-08,-1.2
??,Mar-08,7.3
??,Apr-08,14.1
??,May-08,17.7
??,Jun-08,21.5
??,Jul-08,25.1
??,Aug-08,25.3
??,Sep-08,22
??,Oct-08,16.1
??,Nov-08,7.6
??,Dec-08,1.1
??,Jan-09,-2
??,Feb-09,2.9
??,Mar-09,6
??,Apr-09,12.7
??,May-09,19.1
??,Jun-09,22.4
??,Jul-09,24.3
??,Aug-09,25.7
??,Sep-09,21.8
??,Oct-09,16
??,Nov-09,6.9
??,Dec-09,-1
??,Jan-10,-4.5
??,Feb-10,1.4
??,Mar-10,4.3
??,Apr-10,9.5
??,May-10,17.2
??,Jun-10,23.4
??,Jul-10,25.8
??,Aug-10,26.5
??,Sep-10,21.8
??,Oct-10,14.5
??,Nov-10,6.5
??,Dec-10,-1.3
??,Jan-11,-7.2
??,Feb-11,1.2
??,Mar-11,3.6
??,Apr-11,10.7
??,May-11,17.9
??,Jun-11,22
??,Jul-11,24.6
??,Aug-11,25.8
??,Sep-11,21.8
??,Oct-11,14.2
??,Nov-11,10.7
??,Dec-11,-0.9
??,Jan-12,-2.8
??,Feb-12,-2
??,Mar-12,5.1
??,Apr-12,12.3
??,May-12,19.7
??,Jun-12,24.1
??,Jul-12,25.4
??,Aug-12,27.1
??,Sep-12,21
??,Oct-12,15.3
??,Nov-12,5.5
??,Dec-12,-4.1
??,Jan-13,-3.4
??,Feb-13,-1.2
??,Mar-13,5.1
??,Apr-13,10
??,May-13,18.2
??,Jun-13,24.4
??,Jul-13,25.5
??,Aug-13,27.7
??,Sep-13,21.8
??,Oct-13,15.8
??,Nov-13,6.2
??,Dec-13,-0.2
??,Jan-14,-0.7
??,Feb-14,1.9
??,Mar-14,7.9
??,Apr-14,14
??,May-14,18.9
??,Jun-14,23.1
??,Jul-14,26.1
??,Aug-14,25.2
??,Sep-14,22.1
??,Oct-14,15.6
??,Nov-14,9
??,Dec-14,-2.9
??,Jan-15,-0.9
??,Feb-15,1
??,Mar-15,6.3
??,Apr-15,13.3
??,May-15,18.9
??,Jun-15,23.6
??,Jul-15,25.8
??,Aug-15,26.3
??,Sep-15,22.4
??,Oct-15,15.5
??,Nov-15,8.9
??,Dec-15,1.6
??,Jan-16,-3.2
??,Feb-16,0.2
??,Mar-16,7
??,Apr-16,14.1
??,May-16,19.6
??,Jun-16,23.6
??,Jul-16,26.2
??,Aug-16,28
??,Sep-16,23.1
??,Oct-16,16.1
??,Nov-16,6.8
??,Dec-16,1.2
??,Jan-17,-1.8
??,Feb-17,-0.2
??,Mar-17,6.3
??,Apr-17,13.9
??,May-17,19.5
??,Jun-17,23.3
??,Jul-17,26.9
??,Aug-17,25.9
??,Sep-17,22.1
??,Oct-17,16.4
??,Nov-17,5.6
??,Dec-17,-1.9
??,Jan-18,-4
??,Feb-18,-1.6
??,Mar-18,8.1
??,Apr-18,13
??,May-18,18.2
??,Jun-18,23.1
??,Jul-18,27.8
??,Aug-18,28.8
??,Sep-18,21.5
??,Oct-18,13.1
??,Nov-18,7.8
??,Dec-18,-0.6
??,Jan-19,-0.9
??,Feb-19,1
??,Mar-19,7.1
??,Apr-19,12.1
??,May-19,19.4
??,Jun-19,22.5
??,Jul-19,25.9
??,Aug-19,27.2
??,Sep-19,22.6
??,Oct-19,16.4
??,Nov-19,7.6
??,Dec-19,1.4
??,Jan-20,1.6
??,Feb-20,2.5
??,Mar-20,7.7
??,Apr-20,11.1
??,May-20,18
??,Jun-20,23.9
??,Jul-20,24.1
??,Aug-20,26.5
??,Sep-20,21.4
??,Oct-20,14.3
??,Nov-20,8
??,Dec-20,-0.3
??,Jan-21,-2.4
??,Feb-21,2.7
??,Mar-21,9
??,Apr-21,14.2
??,May-21,17.1
??,Jun-21,22.8
??,Jul-21,28.1
??,Aug-21,25.9
??,Sep-21,22.6
??,Oct-21,15.6
??,Nov-21,8.2
??,Dec-21,0.6
??,Jan-22,-2.2
??,Feb-22,-1.1
??,Mar-22,7.7
??,Apr-22,14.8
??,May-22,19.1
??,Jun-22,23.3
??,Jul-22,27.3
??,Aug-22,25.7
??,Sep-22,22.4
??,Oct-22,14.6
??,Nov-22,10
??,Dec-22,-2.8
??,Jan-23,-1.5
??,Feb-23,2.3
??,Mar-23,9.8
??,Apr-23,13.8
??,May-23,19.5
??,Jun-23,23.4
??,Jul-23,26.7
??,Aug-23,27.2
??,Sep-23,23.7
??,Oct-23,15.8
??,Nov-23,6.8
??,Dec-23,1.1
??,Jan-24,-0.5
??,Feb-24,3.8
??,Mar-24,7
??,Apr-24,16.3
??,May-24,18.5
??,Jun-24,24.6
??,Jul-24,26.6
??,Aug-24,29.3
??,Sep-24,25.5
??,Oct-24,16.7
??,Nov-24,9.7
??,Dec-24,0.8
??,Jan-25,-0.4
??,Feb-25,-1.2
??,Mar-25,8
??,Apr-25,13.4
??,May-25,17.8
??,Jan-02,4.5
??,Feb-02,5.8
??,Mar-02,10.5
??,Apr-02,14.8
??,May-02,17.4
??,Jun-02,21.8
??,Jul-02,24.7
??,Aug-02,24.5
??,Sep-02,20.7
??,Oct-02,15.2
??,Nov-02,7.9
??,Dec-02,5.3
??,Jan-03,1.5
??,Feb-03,5
??,Mar-03,8
??,Apr-03,14.1
??,May-03,17.1
??,Jun-03,21.9
??,Jul-03,22.3
??,Aug-03,25
??,Sep-03,22.7
??,Oct-03,16.1
??,Nov-03,12.7
??,Dec-03,4.9
??,Jan-04,2.4
??,Feb-04,6.1
??,Mar-04,8.9
??,Apr-04,15.1
??,May-04,19.1
??,Jun-04,22
??,Jul-04,26.8
??,Aug-04,25.5
??,Sep-04,21.9
??,Oct-04,16.3
??,Nov-04,12
??,Dec-04,6.6
??,Jan-05,2
??,Feb-05,2.6
??,Mar-05,7.4
??,Apr-05,15.1
??,May-05,17.9
??,Jun-05,23.3
??,Jul-05,25.5
??,Aug-05,26.3
??,Sep-05,22.5
??,Oct-05,16.5
??,Nov-05,10.7
??,Dec-05,1.2
??,Jan-06,3.6
??,Feb-06,4.1
??,Mar-06,8.4
??,Apr-06,13
??,May-06,17.5
??,Jun-06,21.8
??,Jul-06,23.7
??,Aug-06,27.3
??,Sep-06,20.5
??,Oct-06,18.6
??,Nov-06,11.4
??,Dec-06,5.1
??,Jan-07,4.8
??,Feb-07,7.1
??,Mar-07,8.8
??,Apr-07,13.5
??,May-07,18.8
??,Jun-07,21.7
??,Jul-07,24
??,Aug-07,27.5
??,Sep-07,22.1
??,Oct-07,16.7
??,Nov-07,9.6
??,Dec-07,5.4
??,Jan-08,2.5
??,Feb-08,2.3
??,Mar-08,8.5
??,Apr-08,13.8
??,May-08,17.7
??,Jun-08,19.8
??,Jul-08,26.9
??,Aug-08,24.8
??,Sep-08,21.8
??,Oct-08,17.4
??,Nov-08,10
??,Dec-08,4.5
??,Jan-09,1.5
??,Feb-09,6.7
??,Mar-09,8.8
??,Apr-09,13.9
??,May-09,18.8
??,Jun-09,22.2
??,Jul-09,23.3
??,Aug-09,24.2
??,Sep-09,21.4
??,Oct-09,17
??,Nov-09,9.6
??,Dec-09,3.9
??,Jan-10,1.5
??,Feb-10,4.4
??,Mar-10,7
??,Apr-10,10.8
??,May-10,17.6
??,Jun-10,22.2
??,Jul-10,25.4
??,Aug-10,27.8
??,Sep-10,22.7
??,Oct-10,16.6
??,Nov-10,9
??,Dec-10,3.3
??,Jan-11,-1.9
??,Feb-11,4.3
??,Mar-11,6.7
??,Apr-11,12.6
??,May-11,17.2
??,Jun-11,22
??,Jul-11,25.2
??,Aug-11,25.3
??,Sep-11,21.8
??,Oct-11,15.8
??,Nov-11,12.3
??,Dec-11,3.2
??,Jan-12,1.6
??,Feb-12,1.5
??,Mar-12,7.5
??,Apr-12,14.1
??,May-12,18.4
??,Jun-12,21.2
??,Jul-12,26.1
??,Aug-12,26.8
??,Sep-12,21.1
??,Oct-12,16.1
??,Nov-12,8.9
??,Dec-12,1.3
??,Jan-13,0.9
??,Feb-13,3.4
??,Mar-13,9.4
??,Apr-13,12.1
??,May-13,18.4
??,Jun-13,22
??,Jul-13,27.8
??,Aug-13,29
??,Sep-13,22.8
??,Oct-13,17.7
??,Nov-13,9.8
??,Dec-13,4.3
??,Jan-14,3.9
??,Feb-14,4.8
??,Mar-14,9.5
??,Apr-14,14.4
??,May-14,19.9
??,Jun-14,21.7
??,Jul-14,25.9
??,Aug-14,24.3
??,Sep-14,21.9
??,Oct-14,16.7
??,Nov-14,11.3
??,Dec-14,2.6
??,Jan-15,3.5
??,Feb-15,4.5
??,Mar-15,8.9
??,Apr-15,13.8
??,May-15,20
??,Jun-15,21.5
??,Jul-15,24.4
??,Aug-15,26.4
??,Sep-15,21.1
??,Oct-15,16.6
??,Nov-15,12.4
??,Dec-15,6.5
??,Jan-16,1.8
??,Feb-16,4.8
??,Mar-16,9.2
??,Apr-16,14.3
??,May-16,18.9
??,Jun-16,22
??,Jul-16,25.3
??,Aug-16,26.4
??,Sep-16,21.7
??,Oct-16,17.2
??,Nov-16,10.1
??,Dec-16,6.1
??,Jan-17,2.8
??,Feb-17,4.4
??,Mar-17,8
??,Apr-17,15.1
??,May-17,19.6
??,Jun-17,21.2
??,Jul-17,27.1
??,Aug-17,25.9
??,Sep-17,21.3
??,Oct-17,17
??,Nov-17,9.8
??,Dec-17,2.3
??,Jan-18,0.7
??,Feb-18,2.6
??,Mar-18,9.5
??,Apr-18,14.5
??,May-18,18.1
??,Jun-18,21.6
??,Jul-18,26.8
??,Aug-18,27
??,Sep-18,21.1
??,Oct-18,15.1
??,Nov-18,10.7
??,Dec-18,4.1
??,Jan-19,3.5
??,Feb-19,5.1
??,Mar-19,9.9
??,Apr-19,12.8
??,May-19,19.7
??,Jun-19,20.7
??,Jul-19,24.8
??,Aug-19,26.4
??,Sep-19,22.3
??,Oct-19,17.3
??,Nov-19,11.3
??,Dec-19,5.4
??,Jan-20,5.2
??,Feb-20,6
??,Mar-20,9.6
??,Apr-20,12.3
??,May-20,18.1
??,Jun-20,22.7
??,Jul-20,22.1
??,Aug-20,27.6
??,Sep-20,21.1
??,Oct-20,15.9
??,Nov-20,11
??,Dec-20,3.4
??,Jan-21,2.1
??,Feb-21,6.5
??,Mar-21,10.5
??,Apr-21,13.8
??,May-21,17.8
??,Jun-21,21.7
??,Jul-21,25.9
??,Aug-21,25.3
??,Sep-21,22.1
??,Oct-21,17.1
??,Nov-21,11.1
??,Dec-21,4.7
??,Jan-22,2.6
??,Feb-22,2.7
??,Mar-22,9.9
??,Apr-22,14.7
??,May-22,19.2
??,Jun-22,22.4
??,Jul-22,26
??,Aug-22,26.4
??,Sep-22,21.7
??,Oct-22,16
??,Nov-22,12.7
??,Dec-22,2
??,Jan-23,2.6
??,Feb-23,5.2
??,Mar-23,11.4
??,Apr-23,14.1
??,May-23,17.8
??,Jun-23,22.3
??,Jul-23,25.8
??,Aug-23,26.5
??,Sep-23,22.9
??,Oct-23,16.4
??,Nov-23,10.4
??,Dec-23,4.9
??,Jan-24,3.4
??,Feb-24,6
??,Mar-24,8.6
??,Apr-24,14.9
??,May-24,17.9
??,Jun-24,22.6
??,Jul-24,26.9
??,Aug-24,28
??,Sep-24,24.7
??,Oct-24,17.8
??,Nov-24,11.8
??,Dec-24,4.1
??,Jan-25,2.5
??,Feb-25,1.9
??,Mar-25,9.2
??,Apr-25,13.9
??,May-25,17
??,Jan-02,0.8
??,Feb-02,2.7
??,Mar-02,7.6
??,Apr-02,13.7
??,May-02,17.5
??,Jun-02,21.7
??,Jul-02,25.2
??,Aug-02,24.5
??,Sep-02,22.2
??,Oct-02,13.8
??,Nov-02,4.8
??,Dec-02,2.1
??,Jan-03,-2
??,Feb-03,2.7
??,Mar-03,6.3
??,Apr-03,12.2
??,May-03,18.1
??,Jun-03,20.4
??,Jul-03,23
??,Aug-03,23.4
??,Sep-03,20.8
??,Oct-03,14.8
??,Nov-03,9.4
??,Dec-03,1.2
??,Jan-04,-1.2
??,Feb-04,2.3
??,Mar-04,5.6
??,Apr-04,12
??,May-04,16.2
??,Jun-04,21.8
??,Jul-04,23.6
??,Aug-04,25.3
??,Sep-04,21.5
??,Oct-04,15.2
??,Nov-04,9.5
??,Dec-04,2.5
??,Jan-05,-1.1
??,Feb-05,-0.6
??,Mar-05,4.8
??,Apr-05,12.4
??,May-05,17.3
??,Jun-05,21.4
??,Jul-05,24.2
??,Aug-05,24.7
??,Sep-05,21.4
??,Oct-05,14.5
??,Nov-05,8.6
??,Dec-05,-3.6
??,Jan-06,-0.3
??,Feb-06,0
??,Mar-06,4.9
??,Apr-06,10.9
??,May-06,17.1
??,Jun-06,20.3
??,Jul-06,22.4
??,Aug-06,26.3
??,Sep-06,21.2
??,Oct-06,17.9
??,Nov-06,9.1
??,Dec-06,2.3
??,Jan-07,0.9
??,Feb-07,4.1
??,Mar-07,6.2
??,Apr-07,10.8
??,May-07,16.6
??,Jun-07,21.6
??,Jul-07,23
??,Aug-07,25.5
??,Sep-07,21.3
??,Oct-07,15.2
??,Nov-07,7.4
??,Dec-07,2.5
??,Jan-08,-1.5
??,Feb-08,-0.7
??,Mar-08,7
??,Apr-08,13.1
??,May-08,16.6
??,Jun-08,20.7
??,Jul-08,24.1
??,Aug-08,24.8
??,Sep-08,21.9
??,Oct-08,16.6
??,Nov-08,8.5
??,Dec-08,2.1
??,Jan-09,-1.2
??,Feb-09,2.9
??,Mar-09,6
??,Apr-09,11.5
??,May-09,17.3
??,Jun-09,20.8
??,Jul-09,23.3
??,Aug-09,25.1
??,Sep-09,21.4
??,Oct-09,16.3
??,Nov-09,7.6
??,Dec-09,0.1
??,Jan-10,-3.2
??,Feb-10,1.7
??,Mar-10,5.1
??,Apr-10,9.6
??,May-10,16.1
??,Jun-10,21.9
??,Jul-10,24.7
??,Aug-10,26.1
??,Sep-10,22.1
??,Oct-10,15.1
??,Nov-10,7.7
??,Dec-10,0.1
??,Jan-11,-5.6
??,Feb-11,1.4
??,Mar-11,4.2
??,Apr-11,10
??,May-11,16.8
??,Jun-11,20
??,Jul-11,23.9
??,Aug-11,25
??,Sep-11,21.7
??,Oct-11,14.8
??,Nov-11,11.4
??,Dec-11,0.4
??,Jan-12,-1.9
??,Feb-12,-1.2
??,Mar-12,5.2
??,Apr-12,11.7
??,May-12,18.1
??,Jun-12,22.9
??,Jul-12,24.5
??,Aug-12,26.7
??,Sep-12,21
??,Oct-12,15.6
??,Nov-12,6.1
??,Dec-12,-3.7
??,Jan-13,-2.9
??,Feb-13,-1.4
??,Mar-13,4.1
??,Apr-13,8.9
??,May-13,16
??,Jun-13,22.2
??,Jul-13,24.1
??,Aug-13,26.9
??,Sep-13,21.5
??,Oct-13,15.9
??,Nov-13,6.8
??,Dec-13,0.4
??,Jan-14,-0.3
??,Feb-14,1.4
??,Mar-14,7
??,Apr-14,12.3
??,May-14,16.9
??,Jun-14,21.8
??,Jul-14,24.8
??,Aug-14,24.5
??,Sep-14,22
??,Oct-14,15.9
??,Nov-14,9.2
??,Dec-14,-2.1
??,Jan-15,-0.8
??,Feb-15,1.2
??,Mar-15,5.4
??,Apr-15,12.5
??,May-15,17
??,Jun-15,21.8
??,Jul-15,24.5
??,Aug-15,25.8
??,Sep-15,22.5
??,Oct-15,16
??,Nov-15,9.4
??,Dec-15,2.4
??,Jan-16,-2.2
??,Feb-16,0.9
??,Mar-16,6.4
??,Apr-16,12.7
??,May-16,18.3
??,Jun-16,22.1
??,Jul-16,25.2
??,Aug-16,27.4
??,Sep-16,22.9
??,Oct-16,16.2
??,Nov-16,7.4
??,Dec-16,2.2
??,Jan-17,-0.9
??,Feb-17,0.2
??,Mar-17,5.8
??,Apr-17,12.4
??,May-17,17.6
??,Jun-17,21.7
??,Jul-17,25.8
??,Aug-17,25.4
??,Sep-17,21.9
??,Oct-17,15.7
??,Nov-17,5.9
??,Dec-17,-1.3
??,Jan-18,-3.8
??,Feb-18,-1.8
??,Mar-18,6.9
??,Apr-18,11.9
??,May-18,17
??,Jun-18,21.2
??,Jul-18,26.6
??,Aug-18,28.1
??,Sep-18,21.6
??,Oct-18,13.8
??,Nov-18,8.5
??,Dec-18,-0.2
??,Jan-19,-0.5
??,Feb-19,0.8
??,Mar-19,6.4
??,Apr-19,11.3
??,May-19,17.6
??,Jun-19,21.3
??,Jul-19,25
??,Aug-19,26.9
??,Sep-19,22.5
??,Oct-19,16.8
??,Nov-19,8.2
??,Dec-19,2
??,Jan-20,1.8
??,Feb-20,2.5
??,Mar-20,7.1
??,Apr-20,10.4
??,May-20,16.7
??,Jun-20,21.8
??,Jul-20,23.2
??,Aug-20,25.9
??,Sep-20,21.3
??,Oct-20,14.8
??,Nov-20,8.3
??,Dec-20,0.2
??,Jan-21,-2
??,Feb-21,2.1
??,Mar-21,7.7
??,Apr-21,13.2
??,May-21,16.2
??,Jun-21,21.6
??,Jul-21,27.2
??,Aug-21,25.5
??,Sep-21,22.7
??,Oct-21,16
??,Nov-21,8.8
??,Dec-21,1.3
??,Jan-22,-2.2
??,Feb-22,-1.3
??,Mar-22,6.7
??,Apr-22,12.9
??,May-22,17.1
??,Jun-22,21.9
??,Jul-22,26.2
??,Aug-22,24.9
??,Sep-22,22
??,Oct-22,14.4
??,Nov-22,10.2
??,Dec-22,-2.6
??,Jan-23,-1.6
??,Feb-23,1.6
??,Mar-23,8.1
??,Apr-23,12.7
??,May-23,18
??,Jun-23,21.8
??,Jul-23,25.7
??,Aug-23,26.6
??,Sep-23,23.5
??,Oct-23,16.3
??,Nov-23,6.9
??,Dec-23,1.2
??,Jan-24,-0.6
??,Feb-24,3.3
??,Mar-24,6.3
??,Apr-24,14.6
??,May-24,16.9
??,Jun-24,22.7
??,Jul-24,25.7
??,Aug-24,28.8
??,Sep-24,25.4
??,Oct-24,17
??,Nov-24,9.9
??,Dec-24,0.9
??,Jan-25,-0.6
??,Feb-25,-1.4
??,Mar-25,6.7
??,Apr-25,11.9
??,May-25,16.5
??,May-25,17.2
??,Apr-25,13.5
??,Mar-25,8.6
??,Feb-25,1.5
??,Jan-25,2.1
??,Dec-24,4.3
??,Nov-24,12.1
??,Oct-24,18.2
??,Sep-24,26.4
??,Aug-24,28.6
??,Jul-24,26.6
??,Jun-24,22.7
??,May-24,18.3
??,Apr-24,15.3
??,Mar-24,8.3
??,Feb-24,6.4
??,Jan-24,3.6
??,Dec-23,5.3
??,Nov-23,10.4
??,Oct-23,16.8
??,Sep-23,23.9
??,Aug-23,27.1
??,Jul-23,25.6
??,Jun-23,22.4
??,May-23,18.1
??,Apr-23,13.7
??,Mar-23,10.2
??,Feb-23,4.1
??,Jan-23,2.1
??,Dec-22,2
??,Nov-22,11.7
??,Oct-22,15.7
??,Sep-22,22.5
??,Aug-22,26.5
??,Jul-22,26.5
??,Jun-22,22.6
??,May-22,18.1
??,Apr-22,14.2
??,Mar-22,8.9
??,Feb-22,2
??,Jan-22,1.8
??,Dec-21,4.2
??,Nov-21,10.4
??,Oct-21,17.1
??,Sep-21,22.7
??,Aug-21,26.1
??,Jul-21,26.4
??,Jun-21,22.4
??,May-21,17.7
??,Apr-21,13.9
??,Mar-21,9.9
??,Feb-21,5.3
??,Jan-21,1.8
??,Dec-20,2.9
??,Nov-20,10.8
??,Oct-20,15.6
??,Sep-20,21.4
??,Aug-20,27.3
??,Jul-20,22.8
??,Jun-20,22.4
??,May-20,17.6
??,Apr-20,11
??,Mar-20,8.5
??,Feb-20,5.1
??,Jan-20,4.6
??,Dec-19,4.8
??,Nov-19,10.8
??,Oct-19,17
??,Sep-19,22.6
??,Aug-19,26.5
??,Jul-19,24.6
??,Jun-19,21.2
??,May-19,18.3
??,Apr-19,12.4
??,Mar-19,8.3
??,Feb-19,3.8
??,Jan-19,2.3
??,Dec-18,3.8
??,Nov-18,10
??,Oct-18,14.8
??,Sep-18,21.6
??,Aug-18,27.9
??,Jul-18,27.1
??,Jun-18,22.2
??,May-18,18.3
??,Apr-18,13.9
??,Mar-18,8.9
??,Feb-18,1.8
??,Jan-18,0.2
??,Dec-17,2.2
??,Nov-17,8.8
??,Oct-17,16.8
??,Sep-17,21.9
??,Aug-17,26.7
??,Jul-17,26.9
??,Jun-17,21.8
??,May-17,18.8
??,Apr-17,14.3
??,Mar-17,7
??,Feb-17,3.2
??,Jan-17,2.5
??,Dec-16,5.3
??,Nov-16,9.8
??,Oct-16,17.4
??,Sep-16,22.6
??,Aug-16,27.3
??,Jul-16,25.8
??,Jun-16,22
??,May-16,18.5
??,Apr-16,14.2
??,Mar-16,7.9
??,Feb-16,3.5
??,Jan-16,1.5
??,Dec-15,5.8
??,Nov-15,11.9
??,Oct-15,16.4
??,Sep-15,21.3
??,Aug-15,25.4
??,Jul-15,24.4
??,Jun-15,21.3
??,May-15,18.4
??,Apr-15,13.2
??,Mar-15,7.7
??,Feb-15,3.5
??,Jan-15,2.7
??,Dec-14,2.4
??,Nov-14,10.8
??,Oct-14,16.6
??,Sep-14,22
??,Aug-14,24.3
??,Jul-14,24.5
??,Jun-14,21.9
??,May-14,18.2
??,Apr-14,13.8
??,Mar-14,8.3
??,Feb-14,4.3
??,Jan-14,2.4
??,Dec-13,3.7
??,Nov-13,9.2
??,Oct-13,17.1
??,Sep-13,22.5
??,Aug-13,27.7
??,Jul-13,26.6
??,Jun-13,22.4
??,May-13,18
??,Apr-13,11.2
??,Mar-13,7.5
??,Feb-13,2.6
??,Jan-13,0.7
??,Dec-12,1.6
??,Nov-12,8.7
??,Oct-12,15.9
??,Sep-12,21.2
??,Aug-12,27.2
??,Jul-12,25.5
??,Jun-12,22.2
??,May-12,18.7
??,Apr-12,12.8
??,Mar-12,6.6
??,Feb-12,0.8
??,Jan-12,1
??,Dec-11,2.9
??,Nov-11,12.8
??,Oct-11,15.5
??,Sep-11,22.4
??,Aug-11,25.3
??,Jul-11,25.8
??,Jun-11,21.9
??,May-11,17.7
??,Apr-11,11.6
??,Mar-11,5.4
??,Feb-11,3.4
??,Jan-11,-2.2
??,Dec-10,3.3
??,Nov-10,8.6
??,Oct-10,15.9
??,Sep-10,23.3
??,Aug-10,27.3
??,Jul-10,25.3
??,Jun-10,22.1
??,May-10,17.3
??,Apr-10,10.7
??,Mar-10,7.2
??,Feb-10,4.3
??,Jan-10,1.2
??,Dec-09,3.5
??,Nov-09,9.7
??,Oct-09,16.9
??,Sep-09,22.1
??,Aug-09,25.1
??,Jul-09,24.2
??,Jun-09,21.8
??,May-09,18.3
??,Apr-09,12.9
??,Mar-09,7.8
??,Feb-09,5.7
??,Jan-09,1.5
??,Dec-08,4.2
??,Nov-08,9.8
??,Oct-08,17.4
??,Sep-08,22.9
??,Aug-08,25.5
??,Jul-08,26.3
??,Jun-08,20.7
??,May-08,17.4
??,Apr-08,13.3
??,Mar-08,7.8
??,Feb-08,1.3
??,Jan-08,2
??,Dec-07,5.1
??,Nov-07,9
??,Oct-07,16.3
??,Sep-07,22.2
??,Aug-07,26.6
??,Jul-07,24.1
??,Jun-07,21.3
??,May-07,17.7
??,Apr-07,12
??,Mar-07,8
??,Feb-07,5.7
??,Jan-07,2.7
??,Dec-06,4.2
??,Nov-06,11.1
??,Oct-06,17.9
??,Sep-06,20.3
??,Aug-06,27
??,Jul-06,24
??,Jun-06,21.2
??,May-06,17
??,Apr-06,11.7
??,Mar-06,6.8
??,Feb-06,2.5
??,Jan-06,2.6
??,Dec-05,0.4
??,Nov-05,10.3
??,Oct-05,16
??,Sep-05,23.3
??,Aug-05,25.7
??,Jul-05,25.1
??,Jun-05,22.5
??,May-05,17.5
??,Apr-05,13.1
??,Mar-05,5.3
??,Feb-05,1.2
??,Jan-05,0.7
??,Dec-04,5.3
??,Nov-04,10.4
??,Oct-04,15.7
??,Sep-04,22.1
??,Aug-04,25.9
??,Jul-04,25.6
??,Jun-04,21.5
??,May-04,17.3
??,Apr-04,13
??,Mar-04,7.4
??,Feb-04,4.4
??,Jan-04,1.2
??,Dec-03,4.2
??,Nov-03,11.5
??,Oct-03,15.1
??,Sep-03,22.2
??,Aug-03,24.4
??,Jul-03,22.4
??,Jun-03,21.1
??,May-03,17.8
??,Apr-03,13.2
??,Mar-03,6.9
??,Feb-03,4.1
??,Jan-03,0.6
??,Dec-02,4.5
??,Nov-02,6.9
??,Oct-02,14.8
??,Sep-02,21.1
??,Aug-02,24.4
??,Jul-02,24.2
??,Jun-02,21.5
??,May-02,17
??,Apr-02,13.5
??,Mar-02,8.6
??,Feb-02,3.8
??,Jan-02,3.7
??,May-25,17
??,Apr-25,13
??,Mar-25,7.6
??,Feb-25,-0.7
??,Jan-25,-0.2
??,Dec-24,1.9
??,Nov-24,9.6
??,Oct-24,16.2
??,Sep-24,25.4
??,Aug-24,28
??,Jul-24,26.7
??,Jun-24,22.6
??,May-24,17.7
??,Apr-24,14.9
??,Mar-24,6.8
??,Feb-24,4.6
??,Jan-24,1.2
??,Dec-23,3.1
??,Nov-23,8.1
??,Oct-23,14.8
??,Sep-23,22.7
??,Aug-23,26.6
??,Jul-23,25.7
??,Jun-23,22.4
??,May-23,18.1
??,Apr-23,12.9
??,Mar-23,8.8
??,Feb-23,1.9
??,Jan-23,-0.4
??,Dec-22,-1.4
??,Nov-22,9.4
??,Oct-22,13.8
??,Sep-22,21.3
??,Aug-22,25.4
??,Jul-22,25.9
??,Jun-22,22.7
??,May-22,17.5
??,Apr-22,13.3
??,Mar-22,7.4
??,Feb-22,-0.4
??,Jan-22,-0.9
??,Dec-21,2.1
??,Nov-21,8.2
??,Oct-21,15
??,Sep-21,21.7
??,Aug-21,24.9
??,Jul-21,26
??,Jun-21,22
??,May-21,16.7
??,Apr-21,13.2
??,Mar-21,8.5
??,Feb-21,3.3
??,Jan-21,-0.8
??,Dec-20,0.6
??,Nov-20,8.4
??,Oct-20,13.6
??,Sep-20,20.1
??,Aug-20,26.7
??,Jul-20,22.8
??,Jun-20,22.5
??,May-20,17.6
??,Apr-20,9.8
??,Mar-20,7.2
??,Feb-20,3.2
??,Jan-20,2.5
??,Dec-19,2.8
??,Nov-19,8.5
??,Oct-19,15.4
??,Sep-19,22.2
??,Aug-19,26.5
??,Jul-19,25.2
??,Jun-19,21.2
??,May-19,18.2
??,Apr-19,11.9
??,Mar-19,7.2
??,Feb-19,2.2
??,Jan-19,0.3
??,Dec-18,1.8
??,Nov-18,8.7
??,Oct-18,13.5
??,Sep-18,21.2
??,Aug-18,28.2
??,Jul-18,27.4
??,Jun-18,22.6
??,May-18,18.3
??,Apr-18,13.4
??,Mar-18,8.3
??,Feb-18,-0.1
??,Jan-18,-1.8
??,Dec-17,0.8
??,Nov-17,7.2
??,Oct-17,15.5
??,Sep-17,21
??,Aug-17,26.1
??,Jul-17,27.2
??,Jun-17,21.9
??,May-17,18.4
??,Apr-17,13.4
??,Mar-17,5.9
??,Feb-17,1.6
??,Jan-17,0.5
??,Dec-16,3.5
??,Nov-16,8.2
??,Oct-16,16.4
??,Sep-16,22.5
??,Aug-16,27.4
??,Jul-16,26.6
??,Jun-16,22.7
??,May-16,19
??,Apr-16,14
??,Mar-16,7.2
??,Feb-16,2.5
??,Jan-16,-0.4
??,Dec-15,4.3
??,Nov-15,10.9
??,Oct-15,15.9
??,Sep-15,21.4
??,Aug-15,25.8
??,Jul-15,25.2
??,Jun-15,22.3
??,May-15,18.5
??,Apr-15,13.4
??,Mar-15,6.6
??,Feb-15,2.4
??,Jan-15,0.8
??,Dec-14,0.2
??,Nov-14,9.2
??,Oct-14,15.7
??,Sep-14,21.6
??,Aug-14,24.2
??,Jul-14,25.4
??,Jun-14,22.7
??,May-14,18.6
??,Apr-14,13.4
??,Mar-14,7.9
??,Feb-14,3.1
??,Jan-14,1
??,Dec-13,2.3
??,Nov-13,8.1
??,Oct-13,15.9
??,Sep-13,22
??,Aug-13,28.2
??,Jul-13,27.5
??,Jun-13,23.3
??,May-13,18.1
??,Apr-13,10.4
??,Mar-13,6.3
??,Feb-13,1
??,Jan-13,-1.4
??,Dec-12,-1.1
??,Nov-12,7.3
??,Oct-12,15.2
??,Sep-12,20.9
??,Aug-12,27.4
??,Jul-12,26.3
??,Jun-12,23.3
??,May-12,19
??,Apr-12,12.8
??,Mar-12,5.5
??,Feb-12,-0.5
??,Jan-12,-1
??,Dec-11,1.1
??,Nov-11,12
??,Oct-11,14.1
??,Sep-11,21.6
??,Aug-11,25.9
??,Jul-11,26.4
??,Jun-11,22.8
??,May-11,18.3
??,Apr-11,11.2
??,Mar-11,4.3
??,Feb-11,1.7
??,Jan-11,-5
??,Dec-10,1.7
??,Nov-10,8
??,Oct-10,14.8
??,Sep-10,23.1
??,Aug-10,27.7
??,Jul-10,26.3
??,Jun-10,22.9
??,May-10,17.6
??,Apr-10,9.9
??,Mar-10,6.1
??,Feb-10,3
??,Jan-10,-0.9
??,Dec-09,1.3
??,Nov-09,8.8
??,Oct-09,16.5
??,Sep-09,21.7
??,Aug-09,25.7
??,Jul-09,24.7
??,Jun-09,22.7
??,May-09,18.6
??,Apr-09,12.2
??,Mar-09,6.8
??,Feb-09,4
??,Jan-09,-0.3
??,Dec-08,3.2
??,Nov-08,8.7
??,Oct-08,16.5
??,Sep-08,22.7
??,Aug-08,25.8
??,Jul-08,26.9
??,Jun-08,21.9
??,May-08,18
??,Apr-08,13.4
??,Mar-08,7.3
??,Feb-08,-0.2
??,Jan-08,-0.2
??,Dec-07,3.4
??,Nov-07,7.5
??,Oct-07,15.3
??,Sep-07,22
??,Aug-07,27.2
??,Jul-07,24.9
??,Jun-07,22.6
??,May-07,18.5
??,Apr-07,11.5
??,Mar-07,7.4
??,Feb-07,4.6
??,Jan-07,1.4
??,Dec-06,2.8
??,Nov-06,10
??,Oct-06,17.6
??,Sep-06,20.4
??,Aug-06,27.3
??,Jul-06,24.8
??,Jun-06,22.6
??,May-06,18.2
??,Apr-06,11.4
??,Mar-06,6.1
??,Feb-06,1.4
??,Jan-06,1.2
??,Dec-05,-1.8
??,Nov-05,9.2
??,Oct-05,14.6
??,Sep-05,22.6
??,Aug-05,25.7
??,Jul-05,25.5
??,Jun-05,22.7
??,May-05,17.3
??,Apr-05,13.6
??,Mar-05,4.4
??,Feb-05,-0.3
??,Jan-05,-0.6
??,Dec-04,3.7
??,Nov-04,9.7
??,Oct-04,14.9
??,Sep-04,21.8
??,Aug-04,26.1
??,Jul-04,26.2
??,Jun-04,22.4
??,May-04,17.6
??,Apr-04,12.6
??,Mar-04,6.4
??,Feb-04,3.3
??,Jan-04,-0.9
??,Dec-03,2.3
??,Nov-03,10.3
??,Oct-03,14.3
??,Sep-03,21.8
??,Aug-03,24.4
??,Jul-03,23.4
??,Jun-03,21.3
??,May-03,18.3
??,Apr-03,12.6
??,Mar-03,6
??,Feb-03,2.8
??,Jan-03,-1.4
??,Dec-02,2.8
??,Nov-02,5.7
??,Oct-02,13.6
??,Sep-02,21
??,Aug-02,24.7
??,Jul-02,25.4
??,Jun-02,21.9
??,May-02,17.1
??,Apr-02,13.8
??,Mar-02,7.7
??,Feb-02,2.4
??,Jan-02,2.8
??,May-25,17.5
??,Apr-25,14.8
??,Mar-25,11
??,Feb-25,5.2
??,Jan-25,6.5
??,Dec-24,8.4
??,Nov-24,15.1
??,Oct-24,20.9
??,Sep-24,27.4
??,Aug-24,29.3
??,Jul-24,27.4
??,Jun-24,22.3
??,May-24,18.7
??,Apr-24,16.2
??,Mar-24,10.7
??,Feb-24,9.7
??,Jan-24,7.8
??,Dec-23,9.4
??,Nov-23,13.7
??,Oct-23,19.2
??,Sep-23,25.4
??,Aug-23,28
??,Jul-23,26.6
??,Jun-23,22.4
??,May-23,18.5
??,Apr-23,15.2
??,Mar-23,12.4
??,Feb-23,8
??,Jan-23,6.7
??,Dec-22,6.8
??,Nov-22,15.5
??,Oct-22,18.3
??,Sep-22,24
??,Aug-22,28.1
??,Jul-22,27.3
??,Jun-22,22.7
??,May-22,18.9
??,Apr-22,15.4
??,Mar-22,11.5
??,Feb-22,5.4
??,Jan-22,6.3
??,Dec-21,8.8
??,Nov-21,13.8
??,Oct-21,20
??,Sep-21,24.5
??,Aug-21,26.7
??,Jul-21,26.9
??,Jun-21,22.8
??,May-21,18.6
??,Apr-21,15.4
??,Mar-21,12.5
??,Feb-21,9.3
??,Jan-21,6.7
??,Dec-20,7.6
??,Nov-20,14.2
??,Oct-20,18.2
??,Sep-20,22.5
??,Aug-20,28.1
??,Jul-20,23.6
??,Jun-20,22
??,May-20,18.3
??,Apr-20,13
??,Mar-20,11.3
??,Feb-20,9
??,Jan-20,8.7
??,Dec-19,9.8
??,Nov-19,14.7
??,Oct-19,19.6
??,Sep-19,24.1
??,Aug-19,27.4
??,Jul-19,24.7
??,Jun-19,21.6
??,May-19,20
??,Apr-19,14.9
??,Mar-19,11.2
??,Feb-19,8.4
??,Jan-19,7.1
??,Dec-18,9.3
??,Nov-18,14.2
??,Oct-18,17.9
??,Sep-18,23.7
??,Aug-18,28.3
??,Jul-18,27
??,Jun-18,22.2
??,May-18,18.9
??,Apr-18,15.9
??,Mar-18,11.6
??,Feb-18,5.9
??,Jan-18,5.4
??,Dec-17,7.3
??,Nov-17,13.2
??,Oct-17,19.6
??,Sep-17,24.1
??,Aug-17,28.5
??,Jul-17,28.4
??,Jun-17,22.1
??,May-17,19.4
??,Apr-17,15.7
??,Mar-17,10.1
??,Feb-17,7.4
??,Jan-17,7.1
??,Dec-16,10
??,Nov-16,14.2
??,Oct-16,20.3
??,Sep-16,23.8
??,Aug-16,28.1
??,Jul-16,26.6
??,Jun-16,22
??,May-16,18.9
??,Apr-16,15.7
??,Mar-16,11
??,Feb-16,7.4
??,Jan-16,6.2
??,Dec-15,10.1
??,Nov-15,15.3
??,Oct-15,19.1
??,Sep-15,23
??,Aug-15,26.3
??,Jul-15,24.9
??,Jun-15,21.6
??,May-15,18.9
??,Apr-15,15.1
??,Mar-15,10.8
??,Feb-15,7.7
??,Jan-15,7.9
??,Dec-14,7.5
??,Nov-14,14.5
??,Oct-14,19.6
??,Sep-14,23.9
??,Aug-14,25.3
??,Jul-14,25.2
??,Jun-14,21.7
??,May-14,19.3
??,Apr-14,15.3
??,Mar-14,11.3
??,Feb-14,8.1
??,Jan-14,7.5
??,Dec-13,8.4
??,Nov-13,13.4
??,Oct-13,20.2
??,Sep-13,24.7
??,Aug-13,29.1
??,Jul-13,28
??,Jun-13,22
??,May-13,18.9
??,Apr-13,13.9
??,Mar-13,11.1
??,Feb-13,7.4
??,Jan-13,6.3
??,Dec-12,7.3
??,Nov-12,12.6
??,Oct-12,19.1
??,Sep-12,22.5
??,Aug-12,27.9
??,Jul-12,26.4
??,Jun-12,22.4
??,May-12,19.5
??,Apr-12,15
??,Mar-12,9.9
??,Feb-12,5.7
??,Jan-12,6.1
??,Dec-11,7.7
??,Nov-11,16.5
??,Oct-11,18.9
??,Sep-11,24.1
??,Aug-11,26.2
??,Jul-11,27
??,Jun-11,21.7
??,May-11,18.5
??,Apr-11,13.7
??,Mar-11,8.6
??,Feb-11,8
??,Jan-11,3.2
??,Dec-10,8
??,Nov-10,12.9
??,Oct-10,18.6
??,Sep-10,24.9
??,Aug-10,28.6
??,Jul-10,25.9
??,Jun-10,21.6
??,May-10,17.8
??,Apr-10,12.6
??,Mar-10,10.1
??,Feb-10,8.3
??,Jan-10,6.4
??,Dec-09,8.1
??,Nov-09,13.1
??,Oct-09,19.8
??,Sep-09,23.7
??,Aug-09,26.1
??,Jul-09,25.7
??,Jun-09,22.4
??,May-09,19.3
??,Apr-09,14.5
??,Mar-09,10.8
??,Feb-09,9.8
??,Jan-09,6.1
??,Dec-08,9.1
??,Nov-08,13.5
??,Oct-08,20
??,Sep-08,24.3
??,Aug-08,26.9
??,Jul-08,27.2
??,Jun-08,20.8
??,May-08,17.9
??,Apr-08,14.7
??,Mar-08,10.6
??,Feb-08,5.6
??,Jan-08,7.1
??,Dec-07,10
??,Nov-07,13
??,Oct-07,19.2
??,Sep-07,24.2
??,Aug-07,28.2
??,Jul-07,25.1
??,Jun-07,21.7
??,May-07,19.2
??,Apr-07,14.4
??,Mar-07,11.2
??,Feb-07,9.7
??,Jan-07,7.6
??,Dec-06,9.5
??,Nov-06,15.2
??,Oct-06,20.5
??,Sep-06,22.4
??,Aug-06,28.3
??,Jul-06,25.5
??,Jun-06,21.4
??,May-06,17.7
??,Apr-06,14.4
??,Mar-06,10.4
??,Feb-06,7.2
??,Jan-06,7.8
??,Dec-05,6.3
??,Nov-05,14.7
??,Oct-05,19.4
??,Sep-05,25
??,Aug-05,26.8
??,Jul-05,26.3
??,Jun-05,22.8
??,May-05,18.1
??,Apr-05,15.2
??,Mar-05,8.7
??,Feb-05,6
??,Jan-05,5.6
??,Dec-04,10.2
??,Nov-04,14.2
??,Oct-04,19
??,Sep-04,24
??,Aug-04,28.1
??,Jul-04,27.4
??,Jun-04,22.6
??,May-04,18.7
??,Apr-04,15.2
??,Mar-04,10.9
??,Feb-04,9
??,Jan-04,6.4
??,Dec-03,9.1
??,Nov-03,15.8
??,Oct-03,18.6
??,Sep-03,24.8
??,Aug-03,26.8
??,Jul-03,24.4
??,Jun-03,22
??,May-03,18.7
??,Apr-03,15.1
??,Mar-03,10.1
??,Feb-03,8.3
??,Jan-03,5.6
??,Dec-02,9.4
??,Nov-02,11.6
??,Oct-02,18.4
??,Sep-02,23.3
??,Aug-02,26.2
??,Jul-02,25
??,Jun-02,22.1
??,May-02,18.3
??,Apr-02,15.6
??,Mar-02,12.2
??,Feb-02,8.5
??,Jan-02,8.4
??,May-25,16.8
??,Apr-25,12.8
??,Mar-25,7.4
??,Feb-25,-0.9
??,Jan-25,-0.4
??,Dec-24,1.4
??,Nov-24,9.3
??,Oct-24,15.9
??,Sep-24,25.3
??,Aug-24,28.3
??,Jul-24,26.3
??,Jun-24,22.9
??,May-24,17.4
??,Apr-24,15
??,Mar-24,6.5
??,Feb-24,3.8
??,Jan-24,0.2
??,Dec-23,2.2
??,Nov-23,7.5
??,Oct-23,14.5
??,Sep-23,22.6
??,Aug-23,26.6
??,Jul-23,25.6
??,Jun-23,22.6
??,May-23,18.1
??,Apr-23,13
??,Mar-23,8.7
??,Feb-23,1.6
??,Jan-23,-1.2
??,Dec-22,-2.1
??,Nov-22,9
??,Oct-22,13.6
??,Sep-22,21.2
??,Aug-22,25.2
??,Jul-22,26.2
??,Jun-22,22.9
??,May-22,17.6
??,Apr-22,13.2
??,Mar-22,7.1
??,Feb-22,-0.6
??,Jan-22,-1.6
??,Dec-21,1.5
??,Nov-21,8.1
??,Oct-21,14.9
??,Sep-21,21.8
??,Aug-21,25.1
??,Jul-21,26.7
??,Jun-21,22.2
??,May-21,16.5
??,Apr-21,13.4
??,Mar-21,8.3
??,Feb-21,3
??,Jan-21,-1.6
??,Dec-20,0.1
??,Nov-20,7.9
??,Oct-20,13.3
??,Sep-20,20.4
??,Aug-20,26.6
??,Jul-20,23.1
??,Jun-20,22.7
??,May-20,17.6
??,Apr-20,10.2
??,Mar-20,7.2
??,Feb-20,2.8
??,Jan-20,2.1
??,Dec-19,2.1
??,Nov-19,7.9
??,Oct-19,15.2
??,Sep-19,21.3
??,Aug-19,25.8
??,Jul-19,24.6
??,Jun-19,20.9
??,May-19,17.4
??,Apr-19,11.1
??,Mar-19,6.1
??,Feb-19,0.8
??,Jan-19,-1.2
??,Dec-18,0.1
??,Nov-18,7
??,Oct-18,12
??,Sep-18,20.1
??,Aug-18,27.5
??,Jul-18,26.7
??,Jun-18,21.9
??,May-18,17.6
??,Apr-18,12.3
??,Mar-18,7.3
??,Feb-18,-1.4
??,Jan-18,-3.2
??,Dec-17,-0.8
??,Nov-17,5.7
??,Oct-17,14.5
??,Sep-17,20.1
??,Aug-17,25.1
??,Jul-17,26
??,Jun-17,21.4
??,May-17,17.6
??,Apr-17,12.6
??,Mar-17,5.2
??,Feb-17,0.2
??,Jan-17,-1.2
??,Dec-16,2
??,Nov-16,6.9
??,Oct-16,15.2
??,Sep-16,21.6
??,Aug-16,26.5
??,Jul-16,25.5
??,Jun-16,22.2
??,May-16,18.1
??,Apr-16,13.1
??,Mar-16,6.1
??,Feb-16,0.9
??,Jan-16,-1.6
??,Dec-15,2.8
??,Nov-15,9.6
??,Oct-15,14.4
??,Sep-15,20.5
??,Aug-15,25.1
??,Jul-15,24.4
??,Jun-15,21.8
??,May-15,17.6
??,Apr-15,12.3
??,Mar-15,5.5
??,Feb-15,1.3
??,Jan-15,-0.4
??,Dec-14,-1.4
??,Nov-14,8
??,Oct-14,14.3
??,Sep-14,20.6
??,Aug-14,23.7
??,Jul-14,24.9
??,Jun-14,22.1
??,May-14,17.6
??,Apr-14,12.7
??,Mar-14,6.9
??,Feb-14,2
??,Jan-14,-0.6
??,Dec-13,0.7
??,Nov-13,6.3
??,Oct-13,14.8
??,Sep-13,20.7
??,Aug-13,26.8
??,Jul-13,26
??,Jun-13,22.7
??,May-13,17
??,Apr-13,9.2
??,Mar-13,4.8
??,Feb-13,-0.6
??,Jan-13,-3.2
??,Dec-12,-3.1
??,Nov-12,5.8
??,Oct-12,13.5
??,Sep-12,19.8
??,Aug-12,26.4
??,Jul-12,25.3
??,Jun-12,22.6
??,May-12,18.2
??,Apr-12,11.5
??,Mar-12,4.5
??,Feb-12,-1.7
??,Jan-12,-2.3
??,Dec-11,0
??,Nov-11,10.8
??,Oct-11,12.8
??,Sep-11,20.5
??,Aug-11,25.1
??,Jul-11,25.1
??,Jun-11,21.6
??,May-11,17.3
??,Apr-11,10.2
??,Mar-11,3.6
??,Feb-11,0.8
??,Jan-11,-5.9
??,Dec-10,0.2
??,Nov-10,6.6
??,Oct-10,13.7
??,Sep-10,21.8
??,Aug-10,26.7
??,Jul-10,25.4
??,Jun-10,22.2
??,May-10,16.6
??,Apr-10,9.2
??,Mar-10,5.1
??,Feb-10,1.7
??,Jan-10,-2.7
??,Dec-09,0.2
??,Nov-09,7.4
??,Oct-09,14.9
??,Sep-09,20.6
??,Aug-09,24.7
??,Jul-09,23.6
??,Jun-09,21.6
??,May-09,17.6
??,Apr-09,11.4
??,Mar-09,6
??,Feb-09,2.8
??,Jan-09,-1.9
??,Dec-08,1.6
??,Nov-08,7.1
??,Oct-08,14.9
??,Sep-08,21.2
??,Aug-08,24.7
??,Jul-08,25.7
??,Jun-08,21
??,May-08,16.8
??,Apr-08,12.5
??,Mar-08,6.1
??,Feb-08,-1.9
??,Jan-08,-1.5
??,Dec-07,1.7
??,Nov-07,6.2
??,Oct-07,14.5
??,Sep-07,21.3
??,Aug-07,26
??,Jul-07,24
??,Jun-07,22
??,May-07,17.2
??,Apr-07,10.6
??,Mar-07,6
??,Feb-07,2.9
??,Jan-07,-0.4
??,Dec-06,1
??,Nov-06,8
??,Oct-06,16.2
??,Sep-06,19.4
??,Aug-06,26.1
??,Jul-06,23.2
??,Jun-06,21.2
??,May-06,17.3
??,Apr-06,10.4
??,Mar-06,4.6
??,Feb-06,0.1
??,Jan-06,-0.4
??,Dec-05,-3.5
??,Nov-05,7.4
??,Oct-05,13.5
??,Sep-05,21.8
??,Aug-05,25
??,Jul-05,25
??,Jun-05,22.1
??,May-05,16.6
??,Apr-05,12.4
??,Mar-05,4
??,Feb-05,-1
??,Jan-05,-1.7
??,Dec-04,2.3
??,Nov-04,8.1
??,Oct-04,13.7
??,Sep-04,20.7
??,Aug-04,25.4
??,Jul-04,25
??,Jun-04,21.8
??,May-04,16.8
??,Apr-04,11.6
??,Mar-04,5.2
??,Feb-04,1.8
??,Jan-04,-2.2
??,Dec-03,0.9
??,Nov-03,8.8
??,Oct-03,12.7
??,Sep-03,20.6
??,Aug-03,23.5
??,Jul-03,23
??,Jun-03,20.7
??,May-03,17.9
??,Apr-03,11.8
??,Mar-03,5.2
??,Feb-03,1.5
??,Jan-03,-3
??,Dec-02,1.4
??,Nov-02,4
??,Oct-02,11.9
??,Sep-02,20
??,Aug-02,24
??,Jul-02,24.7
??,Jun-02,21.1
??,May-02,16.6
??,Apr-02,13
??,Mar-02,6.6
??,Feb-02,0.9
??,Jan-02,0.9
??,May-25,16.6
??,Apr-25,12.9
??,Mar-25,7
??,Feb-25,-2
??,Jan-25,-1.8
??,Dec-24,0
??,Nov-24,8.4
??,Oct-24,14.9
??,Sep-24,24.2
??,Aug-24,27.6
??,Jul-24,25.9
??,Jun-24,22.8
??,May-24,17.5
??,Apr-24,15.2
??,Mar-24,6.3
??,Feb-24,3.1
??,Jan-24,-0.7
??,Dec-23,0.7
??,Nov-23,6.3
??,Oct-23,13.4
??,Sep-23,22
??,Aug-23,26.2
??,Jul-23,25.4
??,Jun-23,22.5
??,May-23,18
??,Apr-23,12.7
??,Mar-23,8.8
??,Feb-23,1.3
??,Jan-23,-2.5
??,Dec-22,-3.9
??,Nov-22,7.9
??,Oct-22,12.8
??,Sep-22,20.3
??,Aug-22,24.6
??,Jul-22,25.7
??,Jun-22,22.5
??,May-22,17.7
??,Apr-22,13.4
??,Mar-22,6.8
??,Feb-22,-1.6
??,Jan-22,-2.7
??,Dec-21,0.1
??,Nov-21,6.8
??,Oct-21,13.8
??,Sep-21,20.7
??,Aug-21,24.2
??,Jul-21,26
??,Jun-21,21.8
??,May-21,16
??,Apr-21,13
??,Mar-21,8
??,Feb-21,2.1
??,Jan-21,-3
??,Dec-20,-1.8
??,Nov-20,6.9
??,Oct-20,12.1
??,Sep-20,19.3
??,Aug-20,25.9
??,Jul-20,22.7
??,Jun-20,23
??,May-20,17.6
??,Apr-20,10.2
??,Mar-20,7
??,Feb-20,2
??,Jan-20,1
??,Dec-19,0.5
??,Nov-19,6.8
??,Oct-19,14.4
??,Sep-19,21
??,Aug-19,25.7
??,Jul-19,24.6
??,Jun-19,21.4
??,May-19,18.4
??,Apr-19,11.5
??,Mar-19,6.3
??,Feb-19,0.8
??,Jan-19,-1.8
??,Dec-18,-1.2
??,Nov-18,6.3
??,Oct-18,11.3
??,Sep-18,19.4
??,Aug-18,27
??,Jul-18,26.6
??,Jun-18,22.2
??,May-18,17.7
??,Apr-18,12.7
??,Mar-18,7.1
??,Feb-18,-2.1
??,Jan-18,-4.1
??,Dec-17,-2.3
??,Nov-17,4.7
??,Oct-17,14
??,Sep-17,19.3
??,Aug-17,24.6
??,Jul-17,25.7
??,Jun-17,21.9
??,May-17,18.3
??,Apr-17,13.3
??,Mar-17,5.3
??,Feb-17,-0.3
??,Jan-17,-2.1
??,Dec-16,0.9
??,Nov-16,5.7
??,Oct-16,14.4
??,Sep-16,20.8
??,Aug-16,26.1
??,Jul-16,25
??,Jun-16,22.4
??,May-16,18.3
??,Apr-16,13.5
??,Mar-16,6
??,Feb-16,-0.1
??,Jan-16,-3
??,Dec-15,1.4
??,Nov-15,8.5
??,Oct-15,13.4
??,Sep-15,19.3
??,Aug-15,24.5
??,Jul-15,24
??,Jun-15,22
??,May-15,18.2
??,Apr-15,12
??,Mar-15,5.7
??,Feb-15,0.5
??,Jan-15,-1.5
??,Dec-14,-3.1
??,Nov-14,6.9
??,Oct-14,13
??,Sep-14,19.8
??,Aug-14,23.1
??,Jul-14,24.7
??,Jun-14,21.7
??,May-14,18
??,Apr-14,12.8
??,Mar-14,6.7
??,Feb-14,1.1
??,Jan-14,-1.6
??,Dec-13,-0.5
??,Nov-13,5
??,Oct-13,13.7
??,Sep-13,19.8
??,Aug-13,26.2
??,Jul-13,25.6
??,Jun-13,22.8
??,May-13,17.6
??,Apr-13,9.3
??,Mar-13,5.2
??,Feb-13,-1.2
??,Jan-13,-4.5
??,Dec-12,-4.5
??,Nov-12,4.6
??,Oct-12,12.4
??,Sep-12,19
??,Aug-12,25.6
??,Jul-12,24.9
??,Jun-12,22
??,May-12,17.9
??,Apr-12,12
??,Mar-12,4.6
??,Feb-12,-2.7
??,Jan-12,-3.3
??,Dec-11,-1.4
??,Nov-11,9.3
??,Oct-11,11.9
??,Sep-11,19.6
??,Aug-11,24.5
??,Jul-11,24.7
??,Jun-11,21.9
??,May-11,17.2
??,Apr-11,10.5
??,Mar-11,3.3
??,Feb-11,0.5
??,Jan-11,-7.4
??,Dec-10,-1.5
??,Nov-10,5.1
??,Oct-10,12.9
??,Sep-10,20.8
??,Aug-10,26.3
??,Jul-10,25
??,Jun-10,22.3
??,May-10,16.8
??,Apr-10,9
??,Mar-10,4
??,Feb-10,0.5
??,Jan-10,-4.6
??,Dec-09,-1.4
??,Nov-09,5.9
??,Oct-09,13.5
??,Sep-09,19.7
??,Aug-09,23.8
??,Jul-09,23.2
??,Jun-09,21.5
??,May-09,17.7
??,Apr-09,11.7
??,Mar-09,5.6
??,Feb-09,2.1
??,Jan-09,-3.7
??,Dec-08,-0.3
??,Nov-08,5.7
??,Oct-08,14
??,Sep-08,20.3
??,Aug-08,23.9
??,Jul-08,25.6
??,Jun-08,20.3
??,May-08,17.1
??,Apr-08,12.6
??,Mar-08,6.1
??,Feb-08,-2.4
??,Jan-08,-2.3
??,Dec-07,0.3
??,Nov-07,4.9
??,Oct-07,13.4
??,Sep-07,20.2
??,Aug-07,25
??,Jul-07,23
??,Jun-07,21.4
??,May-07,17.1
??,Apr-07,10.8
??,Mar-07,5.5
??,Feb-07,2.7
??,Jan-07,-0.7
??,Dec-06,0.5
??,Nov-06,7.4
??,Oct-06,15.3
??,Sep-06,18.2
??,Aug-06,25.8
??,Jul-06,22.5
??,Jun-06,21.4
??,May-06,17.4
??,Apr-06,10.8
??,Mar-06,4.9
??,Feb-06,-0.4
??,Jan-06,-1
??,Dec-05,-4.6
??,Nov-05,6.5
??,Oct-05,12.7
??,Sep-05,20.8
??,Aug-05,24.2
??,Jul-05,24.5
??,Jun-05,22.1
??,May-05,16.7
??,Apr-05,12.6
??,Mar-05,3.9
??,Feb-05,-2.2
??,Jan-05,-2.9
??,Dec-04,1
??,Nov-04,7.1
??,Oct-04,12.7
??,Sep-04,19.6
??,Aug-04,24.2
??,Jul-04,24.7
??,Jun-04,21.6
??,May-04,16.9
??,Apr-04,12.3
??,Mar-04,5.1
??,Feb-04,1.4
??,Jan-04,-2.7
??,Dec-03,0.2
??,Nov-03,8.2
??,Oct-03,11.8
??,Sep-03,19.9
??,Aug-03,23.1
??,Jul-03,22.1
??,Jun-03,20.3
??,May-03,17.3
??,Apr-03,11.9
??,Mar-03,5.3
??,Feb-03,1.1
??,Jan-03,-3.7
??,Dec-02,0.6
??,Nov-02,3
??,Oct-02,10.9
??,Sep-02,19
??,Aug-02,23.2
??,Jul-02,24.2
??,Jun-02,20.9
??,May-02,16.7
??,Apr-02,13
??,Mar-02,7
??,Feb-02,0.5
??,Jan-02,-0.7
??,Jun-19,21.7
??,Jul-19,25.2
??,Aug-19,26.2
??,Sep-19,21.8
??,Oct-19,15.6
??,Nov-19,8.1
??,Dec-19,2
??,Jan-20,2.1
??,Feb-20,2.9
??,Mar-20,7.8
??,Apr-20,10.8
??,May-20,18.2
??,Jun-20,23.2
??,Jul-20,23.2
??,Aug-20,26.8
??,Sep-20,20.5
??,Oct-20,13.4
??,Nov-20,8
??,Dec-20,-0.1
??,Jan-21,-1.7
??,Feb-21,3.2
??,Mar-21,8.8
??,Apr-21,13.9
??,May-21,16.8
??,Jun-21,22.6
??,Jul-21,26.9
??,Aug-21,25.1
??,Sep-21,21.8
??,Oct-21,15
??,Nov-21,8.2
??,Dec-21,1.2
??,Jan-22,-1.4
??,Feb-22,-0.4
??,Mar-22,7.7
??,Apr-22,14.2
??,May-22,18.4
??,Jun-22,23.3
??,Jul-22,26.4
??,Aug-22,25.3
??,Sep-22,21.8
??,Oct-22,13.9
??,Nov-22,9.4
??,Dec-22,-2.4
??,Jan-23,-1.2
??,Feb-23,2
??,Mar-23,9.6
??,Apr-23,13.3
??,May-23,18.5
??,Jun-23,23.1
??,Jul-23,25.6
??,Aug-23,26.7
??,Sep-23,22.7
??,Oct-23,14.8
??,Nov-23,7.6
??,Dec-23,2.3
??,Jan-24,0.1
??,Feb-24,4
??,Mar-24,7
??,Apr-24,15.8
??,May-24,17.9
??,Jun-24,23.3
??,Jul-24,26.2
??,Aug-24,28.1
??,Sep-24,25.2
??,Oct-24,15.7
??,Nov-24,9.5
??,Dec-24,1.3
??,Jan-25,-0.3
??,Feb-25,-0.9
??,Mar-25,7.7
??,Apr-25,13.4
??,May-25,17.1
