???,??,??????(mm)
??,Jun-25,97.6
??,May-25,85.9
??,Apr-25,81.6
??,Mar-25,49.4
??,Feb-25,2
??,Jan-25,13.6
??,Dec-24,3.9
??,Nov-24,35.7
??,Oct-24,101.2
??,Sep-24,208.9
??,Aug-24,113.2
??,Jul-24,441.1
??,Jun-24,128.5
??,May-24,104.8
??,Apr-24,33.8
??,Mar-24,42.5
??,Feb-24,67.3
??,Jan-24,10.7
??,Dec-23,92.4
??,Nov-23,78.8
??,Oct-23,28.3
??,Sep-23,142.9
??,Aug-23,226.3
??,Jul-23,339.9
??,Jun-23,202
??,May-23,123.4
??,Apr-23,70.9
??,Mar-23,13.4
??,Feb-23,1.1
??,Jan-23,40.5
??,Dec-22,6.7
??,Nov-22,58.8
??,Oct-22,133
??,Sep-22,218.2
??,Aug-22,482.6
??,Jul-22,207.7
??,Jun-22,328.2
??,May-22,10.9
??,Apr-22,36.1
??,Mar-22,82.7
??,Feb-22,6.7
??,Jan-22,2.2
??,Dec-21,5.1
??,Nov-21,50.7
??,Oct-21,67.9
??,Sep-21,126
??,Aug-21,174.4
??,Jul-21,139.3
??,Jun-21,84.7
??,May-21,169.2
??,Apr-21,101.7
??,Mar-21,94.4
??,Feb-21,4.5
??,Jan-21,11.4
??,Dec-20,4.2
??,Nov-20,52.2
??,Oct-20,3.3
??,Sep-20,225.5
??,Aug-20,670.2
??,Jul-20,213.9
??,Jun-20,87.3
??,May-20,118.4
??,Apr-20,27.2
??,Mar-20,20.9
??,Feb-20,50.1
??,Jan-20,74.9
??,Dec-19,11.5
??,Nov-19,62.1
??,Oct-19,66.9
??,Sep-19,156.5
??,Aug-19,174.2
??,Jul-19,178.2
??,Jun-19,76.7
??,May-19,16.3
??,Apr-19,49.3
??,Mar-19,38.8
??,Feb-19,25.6
??,Jan-19,0.5
??,Dec-18,19.3
??,Nov-18,52.4
??,Oct-18,108.7
??,Sep-18,90.3
??,Aug-18,303.7
??,Jul-18,204.8
??,Jun-18,102.2
??,May-18,215.5
??,Apr-18,130.8
??,Mar-18,40.1
??,Feb-18,25.8
??,Jan-18,5.1
??,Dec-17,21.6
??,Nov-17,28.5
??,Oct-17,36.6
??,Sep-17,37.4
??,Aug-17,310.6
??,Jul-17,534.6
??,Jun-17,77.4
??,May-17,27
??,Apr-17,50.7
??,Mar-17,20.7
??,Feb-17,12.3
??,Jan-17,13.3
??,Dec-16,56.3
??,Nov-16,16.3
??,Oct-16,91.6
??,Sep-16,57.8
??,Aug-16,54.3
??,Jul-16,488.3
??,Jun-16,58.8
??,May-16,95.9
??,Apr-16,84.7
??,Mar-16,41.8
??,Feb-16,44.3
??,Jan-16,0.6
??,Dec-15,21.7
??,Nov-15,120.9
??,Oct-15,52.7
??,Sep-15,27.9
??,Aug-15,95.4
??,Jul-15,216.2
??,Jun-15,79.9
??,May-15,30.4
??,Apr-15,97.7
??,Mar-15,14.9
??,Feb-15,18.6
??,Jan-15,13.3
??,Dec-14,14.3
??,Nov-14,24.4
??,Oct-14,73.9
??,Sep-14,101.1
??,Aug-14,192.3
??,Jul-14,131.2
??,Jun-14,56.4
??,May-14,49.1
??,Apr-14,35.3
??,Mar-14,12.4
??,Feb-14,21.3
??,Jan-14,10.1
??,Dec-13,25.8
??,Nov-13,53.4
??,Oct-13,11.7
??,Sep-13,145.6
??,Aug-13,153.8
??,Jul-13,696.2
??,Jun-13,112.9
??,May-13,90.3
??,Apr-13,66.8
??,Mar-13,41.6
??,Feb-13,47.6
??,Jan-13,23.1
??,Dec-12,45.3
??,Nov-12,52.2
??,Oct-12,63.8
??,Sep-12,147.3
??,Aug-12,337.6
??,Jul-12,311.3
??,Jun-12,80.3
??,May-12,33.6
??,Apr-12,133.2
??,Mar-12,38.8
??,Feb-12,1.1
??,Jan-12,6.5
??,Dec-11,12
??,Nov-11,61.3
??,Oct-11,30.6
??,Sep-11,68.9
??,Aug-11,204.9
??,Jul-11,825.5
??,Jun-11,394.3
??,May-11,107.5
??,Apr-11,140.7
??,Mar-11,21.3
??,Feb-11,37.2
??,Jan-11,4.8
??,Dec-10,21.3
??,Nov-10,20.2
??,Oct-10,32.4
??,Sep-10,448.8
??,Aug-10,374
??,Jul-10,178.4
??,Jun-10,57.3
??,May-10,90.9
??,Apr-10,62.7
??,Mar-10,66
??,Feb-10,40.1
??,Jan-10,33.9
??,Dec-09,19
??,Nov-09,53.6
??,Oct-09,48.1
??,Sep-09,28.1
??,Aug-09,274.1
??,Jul-09,632.2
??,Jun-09,137
??,May-09,99.4
??,Apr-09,55.3
??,Mar-09,59.1
??,Feb-09,28.1
??,Jan-09,3.7
??,Dec-08,25
??,Nov-08,13.7
??,Oct-08,26.7
??,Sep-08,83.4
??,Aug-08,222.4
??,Jul-08,476.8
??,Jun-08,121.1
??,May-08,94.5
??,Apr-08,32.1
??,Mar-08,67.8
??,Feb-08,7.4
??,Jan-08,10.9
??,Dec-07,11.2
??,Nov-07,27.5
??,Oct-07,22.5
??,Sep-07,292.3
??,Aug-07,402.1
??,Jul-07,243.8
??,Jun-07,58.6
??,May-07,132.3
??,Apr-07,33.7
??,Mar-07,118.5
??,Feb-07,17.2
??,Jan-07,7.2
??,Dec-06,14.9
??,Nov-06,63.1
??,Oct-06,65.9
??,Sep-06,23.9
??,Aug-06,140.3
??,Jul-06,992.2
??,Jun-06,191.1
??,May-06,126.2
??,Apr-06,85.4
??,Mar-06,17.7
??,Feb-06,19.2
??,Jan-06,35.2
??,Dec-05,7.9
??,Nov-05,36.9
??,Oct-05,52.1
??,Sep-05,266.9
??,Aug-05,358.3
??,Jul-05,314.5
??,Jun-05,203.1
??,May-05,70.1
??,Apr-05,85.4
??,Mar-05,34.8
??,Feb-05,33.1
??,Jan-05,4.8
??,Dec-04,26.6
??,Nov-04,43.8
??,Oct-04,2.3
??,Sep-04,199.8
??,Aug-04,226.4
??,Jul-04,479.9
??,Jun-04,158.8
??,May-04,134.9
??,Apr-04,69.7
??,Mar-04,21.2
??,Feb-04,58.4
??,Jan-04,12.5
??,Dec-03,8.4
??,Nov-03,62.4
??,Oct-03,35.1
??,Sep-03,333.4
??,Aug-03,513.9
??,Jul-03,359
??,Jun-03,134.3
??,May-03,125.9
??,Apr-03,161.3
??,Mar-03,32.6
??,Feb-03,39.7
??,Jan-03,17.4
??,Dec-02,32.4
??,Nov-02,8.5
??,Oct-02,79.4
??,Sep-02,58.4
??,Aug-02,526.3
??,Jul-02,222.7
??,Jun-02,82.4
??,May-02,69.5
??,Apr-02,145.4
??,Mar-02,33.3
??,Feb-02,3.4
??,Jan-02,55.6
??,Jun-25,100.6
??,May-25,94.1
??,Apr-25,95.2
??,Mar-25,37.2
??,Feb-25,5.6
??,Jan-25,23
??,Dec-24,6.2
??,Nov-24,70.2
??,Oct-24,89.7
??,Sep-24,179.8
??,Aug-24,116.5
??,Jul-24,488.1
??,Jun-24,122.2
??,May-24,117.4
??,Apr-24,45.3
??,Mar-24,28.3
??,Feb-24,74.8
??,Jan-24,18.9
??,Dec-23,88.3
??,Nov-23,85.9
??,Oct-23,39.3
??,Sep-23,130.3
??,Aug-23,243.2
??,Jul-23,462.7
??,Jun-23,154.8
??,May-23,145.1
??,Apr-23,79.1
??,Mar-23,7.7
??,Feb-23,0.7
??,Jan-23,44.5
??,Dec-22,14.2
??,Nov-22,68.3
??,Oct-22,116.9
??,Sep-22,184.6
??,Aug-22,598.3
??,Jul-22,244.2
??,Jun-22,380.6
??,May-22,8.7
??,Apr-22,33
??,Mar-22,91.7
??,Feb-22,4.4
??,Jan-22,5.4
??,Dec-21,8
??,Nov-21,68.8
??,Oct-21,42.2
??,Sep-21,154.6
??,Aug-21,192.2
??,Jul-21,122.1
??,Jun-21,63.7
??,May-21,184.7
??,Apr-21,107.6
??,Mar-21,103
??,Feb-21,8.8
??,Jan-21,19.6
??,Dec-20,5.5
??,Nov-20,66.9
??,Oct-20,6.5
??,Sep-20,176.6
??,Aug-20,590.3
??,Jul-20,297.1
??,Jun-20,113.9
??,May-20,109
??,Apr-20,17.1
??,Mar-20,14.9
??,Feb-20,52.5
??,Jan-20,61.7
??,Dec-19,23.8
??,Nov-19,84.5
??,Oct-19,54.6
??,Sep-19,232.5
??,Aug-19,143.6
??,Jul-19,228.5
??,Jun-19,59
??,May-19,35.2
??,Apr-19,40.1
??,Mar-19,28.9
??,Feb-19,25.5
??,Jan-19,0.3
??,Dec-18,16.2
??,Nov-18,70.5
??,Oct-18,110.7
??,Sep-18,58.4
??,Aug-18,232.5
??,Jul-18,177
??,Jun-18,130.7
??,May-18,182
??,Apr-18,121.2
??,Mar-18,61.4
??,Feb-18,29.1
??,Jan-18,6.4
??,Dec-17,35
??,Nov-17,33.8
??,Oct-17,24.3
??,Sep-17,27.5
??,Aug-17,290.6
??,Jul-17,520.7
??,Jun-17,46.3
??,May-17,21.7
??,Apr-17,59.1
??,Mar-17,9.6
??,Feb-17,15.7
??,Jan-17,15.9
??,Dec-16,63.4
??,Nov-16,15.9
??,Oct-16,125.6
??,Sep-16,41.1
??,Aug-16,48.3
??,Jul-16,325.7
??,Jun-16,32.7
??,May-16,164.3
??,Apr-16,82.5
??,Mar-16,47.9
??,Feb-16,45.6
??,Jan-16,2.2
??,Dec-15,34
??,Nov-15,111.2
??,Oct-15,79.7
??,Sep-15,21.7
??,Aug-15,60.2
??,Jul-15,200
??,Jun-15,61.3
??,May-15,29.7
??,Apr-15,68.7
??,Mar-15,9.3
??,Feb-15,21.3
??,Jan-15,13.7
??,Dec-14,18.4
??,Nov-14,42.6
??,Oct-14,65.2
??,Sep-14,87.4
??,Aug-14,169.5
??,Jul-14,216.2
??,Jun-14,65.5
??,May-14,72.8
??,Apr-14,38.3
??,Mar-14,7.5
??,Feb-14,15.6
??,Jan-14,9
??,Dec-13,27.3
??,Nov-13,51
??,Oct-13,7.4
??,Sep-13,157.5
??,Aug-13,151.4
??,Jul-13,524.1
??,Jun-13,41.3
??,May-13,140.1
??,Apr-13,60.2
??,Mar-13,32.2
??,Feb-13,61.7
??,Jan-13,22
??,Dec-12,43.4
??,Nov-12,76.6
??,Oct-12,94.9
??,Sep-12,189
??,Aug-12,432.3
??,Jul-12,432.6
??,Jun-12,90.9
??,May-12,12.2
??,Apr-12,127.2
??,Mar-12,36.3
??,Feb-12,0.4
??,Jan-12,6.2
??,Dec-11,7.4
??,Nov-11,56.6
??,Oct-11,32.1
??,Sep-11,28.6
??,Aug-11,249.2
??,Jul-11,934
??,Jun-11,382.3
??,May-11,71.5
??,Apr-11,128.8
??,Mar-11,14.9
??,Feb-11,36.4
??,Jan-11,9.4
??,Dec-10,19.6
??,Nov-10,14.3
??,Oct-10,26.6
??,Sep-10,526.3
??,Aug-10,452.3
??,Jul-10,255.4
??,Jun-10,142.7
??,May-10,118
??,Apr-10,60.4
??,Mar-10,69.1
??,Feb-10,52.7
??,Jan-10,25.4
??,Dec-09,20.9
??,Nov-09,62.9
??,Oct-09,76.7
??,Sep-09,57.6
??,Aug-09,288.9
??,Jul-09,580.4
??,Jun-09,119
??,May-09,125.8
??,Apr-09,54.7
??,Mar-09,62
??,Feb-09,29.8
??,Jan-09,5.2
??,Dec-08,22.7
??,Nov-08,21
??,Oct-08,39
??,Sep-08,100
??,Aug-08,232
??,Jul-08,535.8
??,Jun-08,139.3
??,May-08,83.8
??,Apr-08,46.4
??,Mar-08,50.6
??,Feb-08,8.6
??,Jan-08,13.2
??,Dec-07,11.2
??,Nov-07,37.2
??,Oct-07,34.5
??,Sep-07,225.3
??,Aug-07,264.2
??,Jul-07,261.2
??,Jun-07,58.7
??,May-07,147
??,Apr-07,34.2
??,Mar-07,115.8
??,Feb-07,10.8
??,Jan-07,6.9
??,Dec-06,21.1
??,Nov-06,40.5
??,Oct-06,19.8
??,Sep-06,17.3
??,Aug-06,69.1
??,Jul-06,784.2
??,Jun-06,162.7
??,May-06,177.4
??,Apr-06,51.7
??,Mar-06,7.9
??,Feb-06,14.4
??,Jan-06,34.6
??,Dec-05,9.9
??,Nov-05,40.8
??,Oct-05,45.7
??,Sep-05,303.4
??,Aug-05,284
??,Jul-05,236.5
??,Jun-05,144.5
??,May-05,92
??,Apr-05,84.8
??,Mar-05,14.7
??,Feb-05,19.5
??,Jan-05,3.7
??,Dec-04,23.5
??,Nov-04,78.2
??,Oct-04,5.9
??,Sep-04,206.9
??,Aug-04,148.6
??,Jul-04,464.5
??,Jun-04,107.1
??,May-04,156.4
??,Apr-04,71.2
??,Mar-04,21
??,Feb-04,47.1
??,Jan-04,18.1
??,Dec-03,8.4
??,Nov-03,61.5
??,Oct-03,39.7
??,Sep-03,259.2
??,Aug-03,503.6
??,Jul-03,367.2
??,Jun-03,161.3
??,May-03,93.3
??,Apr-03,148.3
??,Mar-03,27
??,Feb-03,37.7
??,Jan-03,11.1
??,Dec-02,13.5
??,Nov-02,13.1
??,Oct-02,54.1
??,Sep-02,39.1
??,Aug-02,498.7
??,Jul-02,226
??,Jun-02,59.2
??,May-02,63.7
??,Apr-02,153.3
??,Mar-02,31.8
??,Feb-02,2.5
??,Jan-02,47.6
??,Jun-25,190.2
??,May-25,144.7
??,Apr-25,72
??,Mar-25,50.6
??,Feb-25,23.4
??,Jan-25,5.6
??,Dec-24,0.1
??,Nov-24,91.7
??,Oct-24,169.6
??,Sep-24,302.3
??,Aug-24,83.8
??,Jul-24,311.4
??,Jun-24,179.7
??,May-24,153.3
??,Apr-24,151
??,Mar-24,102.2
??,Feb-24,134
??,Jan-24,34.4
??,Dec-23,94.8
??,Nov-23,54.1
??,Oct-23,5.9
??,Sep-23,250.5
??,Aug-23,417.8
??,Jul-23,514.7
??,Jun-23,236.8
??,May-23,277.1
??,Apr-23,90.1
??,Mar-23,52.4
??,Feb-23,27.1
??,Jan-23,63
??,Dec-22,10.4
??,Nov-22,60.1
??,Oct-22,19.5
??,Sep-22,191.3
??,Aug-22,188.2
??,Jul-22,159.6
??,Jun-22,146.4
??,May-22,3.7
??,Apr-22,98.4
??,Mar-22,104.1
??,Feb-22,0.3
??,Jan-22,0.1
??,Dec-21,2.7
??,Nov-21,55.8
??,Oct-21,36.4
??,Sep-21,132.4
??,Aug-21,393.5
??,Jul-21,348
??,Jun-21,133.3
??,May-21,136.9
??,Apr-21,84.6
??,Mar-21,148.1
??,Feb-21,39.8
??,Jan-21,18.6
??,Dec-20,8
??,Nov-20,42.1
??,Oct-20,21.9
??,Sep-20,253.3
??,Aug-20,347.8
??,Jul-20,600.1
??,Jun-20,267.2
??,May-20,94.4
??,Apr-20,67.5
??,Mar-20,46.1
??,Feb-20,62.2
??,Jan-20,116.5
??,Dec-19,37.1
??,Nov-19,23.5
??,Oct-19,220.1
??,Sep-19,312.8
??,Aug-19,116.8
??,Jul-19,301.7
??,Jun-19,249.9
??,May-19,88.8
??,Apr-19,100.9
??,Mar-19,50.2
??,Feb-19,38.9
??,Jan-19,14.9
??,Dec-18,32.3
??,Nov-18,44
??,Oct-18,199.6
??,Sep-18,192.8
??,Aug-18,296.7
??,Jul-18,147.4
??,Jun-18,186.5
??,May-18,112.8
??,Apr-18,138.8
??,Mar-18,159.9
??,Feb-18,38.3
??,Jan-18,26.8
??,Dec-17,15.7
??,Nov-17,0.5
??,Oct-17,101.7
??,Sep-17,157.7
??,Aug-17,146.3
??,Jul-17,120.1
??,Jun-17,77.7
??,May-17,34.1
??,Apr-17,89.3
??,Mar-17,34.1
??,Feb-17,34.7
??,Jan-17,7.4
??,Dec-16,87.2
??,Nov-16,36.4
??,Oct-16,211.6
??,Sep-16,402.9
??,Aug-16,91.9
??,Jul-16,227.2
??,Jun-16,88.3
??,May-16,111.2
??,Apr-16,225
??,Mar-16,94.1
??,Feb-16,53.1
??,Jan-16,40.8
??,Dec-15,46
??,Nov-15,108.3
??,Oct-15,55.9
??,Sep-15,108.9
??,Aug-15,153.8
??,Jul-15,254
??,Jun-15,83.1
??,May-15,112.5
??,Apr-15,185.1
??,Mar-15,67.2
??,Feb-15,32.4
??,Jan-15,29.2
??,Dec-14,11.6
??,Nov-14,63
??,Oct-14,130.1
??,Sep-14,118.8
??,Aug-14,589
??,Jul-14,163
??,Jun-14,71.9
??,May-14,74
??,Apr-14,115.5
??,Mar-14,117.7
??,Feb-14,29.4
??,Jan-14,6.7
??,Dec-13,8.4
??,Nov-13,58
??,Oct-13,92.3
??,Sep-13,95.7
??,Aug-13,171.2
??,Jul-13,236.1
??,Jun-13,96.6
??,May-13,167
??,Apr-13,96.6
??,Mar-13,71.4
??,Feb-13,64.7
??,Jan-13,17.9
??,Dec-12,82.9
??,Nov-12,60.9
??,Oct-12,54.4
??,Sep-12,384.5
??,Aug-12,400.5
??,Jul-12,315.4
??,Jun-12,75.7
??,May-12,49.7
??,Apr-12,171.9
??,Mar-12,123.2
??,Feb-12,12.2
??,Jan-12,21.3
??,Dec-11,8.2
??,Nov-11,142.9
??,Oct-11,89.5
??,Sep-11,46.9
??,Aug-11,276.4
??,Jul-11,449.4
??,Jun-11,255
??,May-11,139.5
??,Apr-11,118.5
??,Mar-11,25.2
??,Feb-11,73.1
??,Jan-11,1.7
??,Dec-10,29
??,Nov-10,7.3
??,Oct-10,55.1
??,Sep-10,261.4
??,Aug-10,292
??,Jul-10,400.3
??,Jun-10,54.1
??,May-10,148.8
??,Apr-10,133.1
??,Mar-10,101
??,Feb-10,108.2
??,Jan-10,23.9
??,Dec-09,22.4
??,Nov-09,44.2
??,Oct-09,45.6
??,Sep-09,38
??,Aug-09,68.8
??,Jul-09,555.7
??,Jun-09,177
??,May-09,135.8
??,Apr-09,67.8
??,Mar-09,54.7
??,Feb-09,54.7
??,Jan-09,10
??,Dec-08,7.1
??,Nov-08,14.7
??,Oct-08,25.5
??,Sep-08,21.8
??,Aug-08,172.3
??,Jul-08,123.1
??,Jun-08,238.7
??,May-08,130.3
??,Apr-08,68.3
??,Mar-08,47.9
??,Feb-08,8.9
??,Jan-08,46.8
??,Dec-07,36.3
??,Nov-07,0.5
??,Oct-07,81
??,Sep-07,391.2
??,Aug-07,311.7
??,Jul-07,225
??,Jun-07,82.4
??,May-07,84.8
??,Apr-07,44.2
??,Mar-07,99.6
??,Feb-07,67.3
??,Jan-07,3.5
??,Dec-06,13.2
??,Nov-06,27.4
??,Oct-06,25.3
??,Sep-06,100.7
??,Aug-06,131.3
??,Jul-06,617.8
??,Jun-06,171.7
??,May-06,220.5
??,Apr-06,123.8
??,Mar-06,15
??,Feb-06,35
??,Jan-06,23.8
??,Dec-05,2.5
??,Nov-05,28
??,Oct-05,13.2
??,Sep-05,131.2
??,Aug-05,302.1
??,Jul-05,288.4
??,Jun-05,141.4
??,May-05,100.2
??,Apr-05,92.2
??,Mar-05,97.9
??,Feb-05,39.8
??,Jan-05,18.2
??,Dec-04,26.5
??,Nov-04,63
??,Oct-04,5.9
??,Sep-04,219.1
??,Aug-04,392.3
??,Jul-04,199.5
??,Jun-04,238.1
??,May-04,140.4
??,Apr-04,132.9
??,Mar-04,37.9
??,Feb-04,64.2
??,Jan-04,2.3
??,Dec-03,14.6
??,Nov-03,64
??,Oct-03,11.3
??,Sep-03,269.6
??,Aug-03,266.8
??,Jul-03,548
??,Jun-03,246.8
??,May-03,293.3
??,Apr-03,206.2
??,Mar-03,54.3
??,Feb-03,51.8
??,Jan-03,24.1
??,Dec-02,45.1
??,Nov-02,8.2
??,Oct-02,63.2
??,Sep-02,125.9
??,Aug-02,748
??,Jul-02,318
??,Jun-02,92
??,May-02,135.8
??,Apr-02,159.9
??,Mar-02,87.7
??,Feb-02,7.5
??,Jan-02,55.8
??,Jun-25,149
??,May-25,110
??,Apr-25,48.9
??,Mar-25,45.5
??,Feb-25,6.6
??,Jan-25,11.2
??,Dec-24,3.2
??,Nov-24,35.3
??,Oct-24,92.4
??,Sep-24,186.7
??,Aug-24,65.5
??,Jul-24,328
??,Jun-24,94
??,May-24,90.5
??,Apr-24,59.1
??,Mar-24,62.4
??,Feb-24,82.9
??,Jan-24,21.6
??,Dec-23,104.4
??,Nov-23,32.2
??,Oct-23,10.8
??,Sep-23,207.2
??,Aug-23,307.2
??,Jul-23,403.5
??,Jun-23,220
??,May-23,150.4
??,Apr-23,47.1
??,Mar-23,32.5
??,Feb-23,19
??,Jan-23,23.1
??,Dec-22,6.5
??,Nov-22,78.5
??,Oct-22,68.3
??,Sep-22,127.1
??,Aug-22,224.5
??,Jul-22,129.4
??,Jun-22,97
??,May-22,4.5
??,Apr-22,41.6
??,Mar-22,74.3
??,Feb-22,2.4
??,Jan-22,2.6
??,Dec-21,1.3
??,Nov-21,40.3
??,Oct-21,84
??,Sep-21,148.7
??,Aug-21,290.7
??,Jul-21,199.2
??,Jun-21,56.8
??,May-21,133.8
??,Apr-21,77.5
??,Mar-21,101.2
??,Feb-21,12.3
??,Jan-21,11.6
??,Dec-20,2.2
??,Nov-20,32.4
??,Oct-20,4.4
??,Sep-20,165.9
??,Aug-20,297.4
??,Jul-20,412.7
??,Jun-20,148.4
??,May-20,75.2
??,Apr-20,35.2
??,Mar-20,20.2
??,Feb-20,57
??,Jan-20,82.3
??,Dec-19,21
??,Nov-19,49.8
??,Oct-19,243.4
??,Sep-19,190.2
??,Aug-19,150.6
??,Jul-19,147.5
??,Jun-19,151.3
??,May-19,35
??,Apr-19,92.2
??,Mar-19,28.5
??,Feb-19,24.3
??,Jan-19,8.4
??,Dec-18,24.7
??,Nov-18,37.4
??,Oct-18,200.9
??,Sep-18,135.9
??,Aug-18,253.9
??,Jul-18,200
??,Jun-18,81.5
??,May-18,97.4
??,Apr-18,135.9
??,Mar-18,119.2
??,Feb-18,27.2
??,Jan-18,16.4
??,Dec-17,11.4
??,Nov-17,2.4
??,Oct-17,75
??,Sep-17,93.9
??,Aug-17,227
??,Jul-17,227.4
??,Jun-17,39.6
??,May-17,23.6
??,Apr-17,71
??,Mar-17,24.4
??,Feb-17,27.2
??,Jan-17,12.3
??,Dec-16,51.5
??,Nov-16,24.2
??,Oct-16,131.1
??,Sep-16,273.1
??,Aug-16,94.1
??,Jul-16,283.7
??,Jun-16,48.1
??,May-16,55.4
??,Apr-16,154.9
??,Mar-16,49.9
??,Feb-16,26.6
??,Jan-16,16.9
??,Dec-15,29.6
??,Nov-15,128.9
??,Oct-15,39.1
??,Sep-15,63
??,Aug-15,123.3
??,Jul-15,131.7
??,Jun-15,91.3
??,May-15,30.1
??,Apr-15,84.1
??,Mar-15,43.5
??,Feb-15,17.9
??,Jan-15,18.7
??,Dec-14,7.3
??,Nov-14,53.4
??,Oct-14,140.6
??,Sep-14,121.3
??,Aug-14,390.9
??,Jul-14,90.1
??,Jun-14,80
??,May-14,28
??,Apr-14,111.7
??,Mar-14,87.4
??,Feb-14,33.6
??,Jan-14,8.5
??,Dec-13,16.7
??,Nov-13,37.4
??,Oct-13,111.5
??,Sep-13,110.9
??,Aug-13,107.9
??,Jul-13,187.8
??,Jun-13,118.6
??,May-13,106.6
??,Apr-13,74.3
??,Mar-13,52
??,Feb-13,33.8
??,Jan-13,34.8
??,Dec-12,44
??,Nov-12,43.3
??,Oct-12,33.6
??,Sep-12,251.3
??,Aug-12,303.5
??,Jul-12,236.9
??,Jun-12,70.8
??,May-12,43.1
??,Apr-12,108
??,Mar-12,83.1
??,Feb-12,3.9
??,Jan-12,23.3
??,Dec-11,23.2
??,Nov-11,72.5
??,Oct-11,74.7
??,Sep-11,75.7
??,Aug-11,201
??,Jul-11,288.9
??,Jun-11,226.9
??,May-11,151.6
??,Apr-11,91.2
??,Mar-11,16.7
??,Feb-11,77.8
??,Jan-11,6.8
??,Dec-10,25
??,Nov-10,7.6
??,Oct-10,34.8
??,Sep-10,179.8
??,Aug-10,291.7
??,Jul-10,155.8
??,Jun-10,26.7
??,May-10,118.6
??,Apr-10,60.7
??,Mar-10,68.1
??,Feb-10,70.1
??,Jan-10,17.2
??,Dec-09,31.2
??,Nov-09,49.8
??,Oct-09,16
??,Sep-09,71
??,Aug-09,92
??,Jul-09,326.8
??,Jun-09,91.9
??,May-09,111.2
??,Apr-09,39.7
??,Mar-09,38.9
??,Feb-09,21.4
??,Jan-09,7.5
??,Dec-08,11.9
??,Nov-08,14.1
??,Oct-08,29.5
??,Sep-08,48.4
??,Aug-08,207.2
??,Jul-08,167.6
??,Jun-08,150.8
??,May-08,73.3
??,Apr-08,48.1
??,Mar-08,44.4
??,Feb-08,3.5
??,Jan-08,51.4
??,Dec-07,25.5
??,Nov-07,12.3
??,Oct-07,33.1
??,Sep-07,364.7
??,Aug-07,246.6
??,Jul-07,209.8
??,Jun-07,129.4
??,May-07,90.3
??,Apr-07,26.3
??,Mar-07,99.5
??,Feb-07,40.3
??,Jan-07,4.8
??,Dec-06,14.2
??,Nov-06,57.2
??,Oct-06,33
??,Sep-06,74.4
??,Aug-06,143.9
??,Jul-06,654.4
??,Jun-06,72.6
??,May-06,129.9
??,Apr-06,100.8
??,Mar-06,11.3
??,Feb-06,31.5
??,Jan-06,38.6
??,Dec-05,2.7
??,Nov-05,12.1
??,Oct-05,32.7
??,Sep-05,190
??,Aug-05,283.2
??,Jul-05,236.1
??,Jun-05,132.8
??,May-05,52
??,Apr-05,47.6
??,Mar-05,65.5
??,Feb-05,24
??,Jan-05,18.8
??,Dec-04,21.2
??,Nov-04,39.5
??,Oct-04,8.9
??,Sep-04,174.9
??,Aug-04,352.7
??,Jul-04,229.4
??,Jun-04,261.6
??,May-04,85.3
??,Apr-04,95.6
??,Mar-04,23.3
??,Feb-04,21.7
??,Jan-04,13.2
??,Dec-03,12.8
??,Nov-03,99.8
??,Oct-03,19
??,Sep-03,259
??,Aug-03,289.7
??,Jul-03,476.1
??,Jun-03,194.1
??,May-03,202.8
??,Apr-03,173
??,Mar-03,46.9
??,Feb-03,47.3
??,Jan-03,27.3
??,Dec-02,45.9
??,Nov-02,5.1
??,Oct-02,46.9
??,Sep-02,100.4
??,Aug-02,584.3
??,Jul-02,186.5
??,Jun-02,31.1
??,May-02,116.5
??,Apr-02,123.6
??,Mar-02,41.9
??,Feb-02,1.1
??,Jan-02,76.6
??,Jan-02,95.7
??,Feb-02,13.5
??,Mar-02,46.5
??,Apr-02,117.8
??,May-02,100.5
??,Jun-02,108.5
??,Jul-02,180
??,Aug-02,584
??,Sep-02,109
??,Oct-02,38.6
??,Nov-02,34.1
??,Dec-02,30.5
??,Jan-03,45
??,Feb-03,52.2
??,Mar-03,70.6
??,Apr-03,243.9
??,May-03,141
??,Jun-03,150.2
??,Jul-03,564.9
??,Aug-03,411
??,Sep-03,206.3
??,Oct-03,36.2
??,Nov-03,38.4
??,Dec-03,34.4
??,Jan-04,14
??,Feb-04,54
??,Mar-04,38.4
??,Apr-04,63.7
??,May-04,101.1
??,Jun-04,153.8
??,Jul-04,409.5
??,Aug-04,570.5
??,Sep-04,242
??,Oct-04,3.4
??,Nov-04,63.1
??,Dec-04,28.8
??,Jan-05,10.6
??,Feb-05,48.3
??,Mar-05,66.7
??,Apr-05,92.5
??,May-05,74.1
??,Jun-05,185
??,Jul-05,273.8
??,Aug-05,303.3
??,Sep-05,108.5
??,Oct-05,17.4
??,Nov-05,42.8
??,Dec-05,66.6
??,Jan-06,16.1
??,Feb-06,51.9
??,Mar-06,15
??,Apr-06,87.8
??,May-06,204.3
??,Jun-06,226.7
??,Jul-06,478.3
??,Aug-06,295.5
??,Sep-06,46.8
??,Oct-06,18.2
??,Nov-06,41.7
??,Dec-06,37.9
??,Jan-07,12.1
??,Feb-07,79.1
??,Mar-07,100.3
??,Apr-07,38.7
??,May-07,116
??,Jun-07,52
??,Jul-07,232
??,Aug-07,339.3
??,Sep-07,490.7
??,Oct-07,95.5
??,Nov-07,3.3
??,Dec-07,61.6
??,Jan-08,56.9
??,Feb-08,11.1
??,Mar-08,36.7
??,Apr-08,54.2
??,May-08,150.6
??,Jun-08,273.2
??,Jul-08,139.2
??,Aug-08,157.5
??,Sep-08,58.9
??,Oct-08,15.3
??,Nov-08,39.1
??,Dec-08,14.5
??,Jan-09,36
??,Feb-09,71.9
??,Mar-09,42.1
??,Apr-09,35.7
??,May-09,114.9
??,Jun-09,181.1
??,Jul-09,607.4
??,Aug-09,263.1
??,Sep-09,22.6
??,Oct-09,36.2
??,Nov-09,26.7
??,Dec-09,50.5
??,Jan-10,37.1
??,Feb-10,135.8
??,Mar-10,76
??,Apr-10,133
??,May-10,99
??,Jun-10,70.6
??,Jul-10,453
??,Aug-10,337.6
??,Sep-10,139.7
??,Oct-10,42
??,Nov-10,7.4
??,Dec-10,41.9
??,Jan-11,7.4
??,Feb-11,59.8
??,Mar-11,23.1
??,Apr-11,103
??,May-11,142.9
??,Jun-11,120
??,Jul-11,277.5
??,Aug-11,382.5
??,Sep-11,13.5
??,Oct-11,20.5
??,Nov-11,136.8
??,Dec-11,13.3
??,Jan-12,15.2
??,Feb-12,18.6
??,Mar-12,100.4
??,Apr-12,82.5
??,May-12,42.6
??,Jun-12,83.1
??,Jul-12,330.6
??,Aug-12,473.5
??,Sep-12,272
??,Oct-12,82.8
??,Nov-12,45.9
??,Dec-12,79.6
??,Jan-13,20.6
??,Feb-13,48
??,Mar-13,76.9
??,Apr-13,54.9
??,May-13,86.5
??,Jun-13,83.7
??,Jul-13,349.1
??,Aug-13,293.2
??,Sep-13,88.5
??,Oct-13,30.8
??,Nov-13,95
??,Dec-13,18.2
??,Jan-14,12.9
??,Feb-14,8.6
??,Mar-14,101.7
??,Apr-14,62.5
??,May-14,57
??,Jun-14,72
??,Jul-14,240.9
??,Aug-14,370.2
??,Sep-14,116.5
??,Oct-14,105
??,Nov-14,95.5
??,Dec-14,47.5
??,Jan-15,47.2
??,Feb-15,23.9
??,Mar-15,36.5
??,Apr-15,145.5
??,May-15,48.6
??,Jun-15,96.1
??,Jul-15,164.3
??,Aug-15,148.9
??,Sep-15,66.6
??,Oct-15,90.9
??,Nov-15,121.9
??,Dec-15,59.2
??,Jan-16,49.7
??,Feb-16,45.2
??,Mar-16,55.2
??,Apr-16,185
??,May-16,104.5
??,Jun-16,116.1
??,Jul-16,301.3
??,Aug-16,81
??,Sep-16,251.2
??,Oct-16,216.7
??,Nov-16,31.5
??,Dec-16,44.9
??,Jan-17,11.7
??,Feb-17,41.9
??,Mar-17,33.2
??,Apr-17,60.6
??,May-17,30.2
??,Jun-17,42.1
??,Jul-17,211.6
??,Aug-17,280.5
??,Sep-17,108.8
??,Oct-17,85.4
??,Nov-17,2.1
??,Dec-17,28.5
??,Jan-18,38.8
??,Feb-18,22
??,Mar-18,115.8
??,Apr-18,127.4
??,May-18,85.4
??,Jun-18,222.4
??,Jul-18,84.5
??,Aug-18,397.1
??,Sep-18,129.7
??,Oct-18,125.2
??,Nov-18,47.2
??,Dec-18,32.4
??,Jan-19,16.4
??,Feb-19,37
??,Mar-19,33.9
??,Apr-19,84.7
??,May-19,78.8
??,Jun-19,158
??,Jul-19,242.2
??,Aug-19,64.8
??,Sep-19,165.8
??,Oct-19,149.9
??,Nov-19,22.8
??,Dec-19,31.6
??,Jan-20,74.9
??,Feb-20,47.8
??,Mar-20,43.5
??,Apr-20,55.3
??,May-20,96.8
??,Jun-20,199.9
??,Jul-20,533.3
??,Aug-20,738.1
??,Sep-20,178.3
??,Oct-20,12.1
??,Nov-20,28.3
??,Dec-20,18.7
??,Jan-21,33
??,Feb-21,31.1
??,Mar-21,122.4
??,Apr-21,34.2
??,May-21,139.4
??,Jun-21,118.1
??,Jul-21,227.6
??,Aug-21,338.7
??,Sep-21,131.1
??,Oct-21,35.3
??,Nov-21,85.8
??,Dec-21,7.1
??,Jan-22,0.3
??,Feb-22,2.7
??,Mar-22,105.2
??,Apr-22,49.4
??,May-22,0.4
??,Jun-22,131.7
??,Jul-22,169
??,Aug-22,106.4
??,Sep-22,89.2
??,Oct-22,38.3
??,Nov-22,46.7
??,Dec-22,30.6
??,Jan-23,26.8
??,Feb-23,14.8
??,Mar-23,34.8
??,Apr-23,66.5
??,May-23,190.1
??,Jun-23,441.2
??,Jul-23,684.6
??,Aug-23,341.2
??,Sep-23,152.5
??,Oct-23,11.5
??,Nov-23,71.9
??,Dec-23,80.2
??,Jan-24,31.1
??,Feb-24,111.3
??,Mar-24,79.5
??,Apr-24,79.6
??,May-24,102
??,Jun-24,149.1
??,Jul-24,250.4
??,Aug-24,132.1
??,Sep-24,181.4
??,Oct-24,98.2
??,Nov-24,66.5
??,Dec-24,9.8
??,Jan-25,19
??,Feb-25,25.7
??,Mar-25,34.2
??,Apr-25,56.2
??,May-25,102.8
??,Jun-25,236.8
??,Jan-02,51.8
??,Feb-02,1.5
??,Mar-02,50.5
??,Apr-02,72.5
??,May-02,94.2
??,Jun-02,23.3
??,Jul-02,169.4
??,Aug-02,680.3
??,Sep-02,68.4
??,Oct-02,48
??,Nov-02,2.8
??,Dec-02,28.6
??,Jan-03,24.9
??,Feb-03,41
??,Mar-03,41.1
??,Apr-03,150
??,May-03,233.7
??,Jun-03,168.5
??,Jul-03,535.6
??,Aug-03,195.4
??,Sep-03,292.2
??,Oct-03,15
??,Nov-03,41.5
??,Dec-03,11
??,Jan-04,1.2
??,Feb-04,32.9
??,Mar-04,12.5
??,Apr-04,75.6
??,May-04,82.8
??,Jun-04,296
??,Jul-04,137.5
??,Aug-04,370.3
??,Sep-04,141.1
??,Oct-04,5.8
??,Nov-04,47.3
??,Dec-04,19.4
??,Jan-05,6.5
??,Feb-05,16.6
??,Mar-05,67.1
??,Apr-05,44.8
??,May-05,32.6
??,Jun-05,119
??,Jul-05,193.6
??,Aug-05,280.2
??,Sep-05,49.9
??,Oct-05,6.7
??,Nov-05,14.5
??,Dec-05,2.8
??,Jan-06,14.8
??,Feb-06,25.2
??,Mar-06,11.5
??,Apr-06,64.9
??,May-06,120.3
??,Jun-06,64
??,Jul-06,568.1
??,Aug-06,127.6
??,Sep-06,75.7
??,Oct-06,16.7
??,Nov-06,35.2
??,Dec-06,7.5
??,Jan-07,0
??,Feb-07,30
??,Mar-07,64.7
??,Apr-07,24.7
??,May-07,44.5
??,Jun-07,81.1
??,Jul-07,107.6
??,Aug-07,198
??,Sep-07,364.7
??,Oct-07,29.7
??,Nov-07,0
??,Dec-07,28.9
??,Jan-08,38.2
??,Feb-08,5
??,Mar-08,23.8
??,Apr-08,54.5
??,May-08,82.5
??,Jun-08,187.3
??,Jul-08,77.7
??,Aug-08,235.3
??,Sep-08,21.9
??,Oct-08,12
??,Nov-08,11.7
??,Dec-08,11.5
??,Jan-09,7.1
??,Feb-09,23.5
??,Mar-09,19.2
??,Apr-09,21.3
??,May-09,104.4
??,Jun-09,136.3
??,Jul-09,338
??,Aug-09,49.5
??,Sep-09,41.5
??,Oct-09,25.8
??,Nov-09,32.4
??,Dec-09,33.5
??,Jan-10,15.2
??,Feb-10,58.1
??,Mar-10,59.1
??,Apr-10,63.5
??,May-10,97.5
??,Jun-10,35.9
??,Jul-10,247.8
??,Aug-10,396
??,Sep-10,160.5
??,Oct-10,41.8
??,Nov-10,1.7
??,Dec-10,27.4
??,Jan-11,1
??,Feb-11,64.4
??,Mar-11,16.5
??,Apr-11,104.5
??,May-11,156.8
??,Jun-11,173
??,Jul-11,427.7
??,Aug-11,253.6
??,Sep-11,38.5
??,Oct-11,115
??,Nov-11,69.8
??,Dec-11,9.6
??,Jan-12,8.1
??,Feb-12,7.1
??,Mar-12,82.1
??,Apr-12,74.4
??,May-12,50.6
??,Jun-12,85.1
??,Jul-12,202.5
??,Aug-12,327.1
??,Sep-12,241.5
??,Oct-12,28.1
??,Nov-12,32.5
??,Dec-12,50.8
??,Jan-13,17.7
??,Feb-13,27.3
??,Mar-13,55.1
??,Apr-13,60.5
??,May-13,70.5
??,Jun-13,63.1
??,Jul-13,249.3
??,Aug-13,203
??,Sep-13,96.7
??,Oct-13,107.5
??,Nov-13,39.8
??,Dec-13,5.9
??,Jan-14,1.7
??,Feb-14,7
??,Mar-14,110.5
??,Apr-14,105
??,May-14,24.4
??,Jun-14,28.2
??,Jul-14,142.6
??,Aug-14,402.8
??,Sep-14,110.5
??,Oct-14,88.6
??,Nov-14,45.3
??,Dec-14,5.5
??,Jan-15,24.1
??,Feb-15,14.6
??,Mar-15,50.5
??,Apr-15,82.7
??,May-15,34.7
??,Jun-15,62.1
??,Jul-15,157.5
??,Aug-15,269.5
??,Sep-15,70.3
??,Oct-15,38.1
??,Nov-15,70.9
??,Dec-15,33.5
??,Jan-16,23.8
??,Feb-16,15.5
??,Mar-16,67.5
??,Apr-16,151
??,May-16,65
??,Jun-16,45.7
??,Jul-16,307.3
??,Aug-16,81.2
??,Sep-16,306.5
??,Oct-16,111.5
??,Nov-16,11.3
??,Dec-16,41
??,Jan-17,2.5
??,Feb-17,25.7
??,Mar-17,38.4
??,Apr-17,53
??,May-17,33.1
??,Jun-17,71.5
??,Jul-17,105.3
??,Aug-17,171.3
??,Sep-17,97.5
??,Oct-17,54.3
??,Nov-17,0.1
??,Dec-17,11
??,Jan-18,21.1
??,Feb-18,25.1
??,Mar-18,98.7
??,Apr-18,113
??,May-18,99.7
??,Jun-18,121.1
??,Jul-18,169.6
??,Aug-18,334.2
??,Sep-18,109
??,Oct-18,165.1
??,Nov-18,17.2
??,Dec-18,23.8
??,Jan-19,9.5
??,Feb-19,26.2
??,Mar-19,20.7
??,Apr-19,88
??,May-19,25.7
??,Jun-19,160.8
??,Jul-19,139.4
??,Aug-19,141.9
??,Sep-19,185.5
??,Oct-19,155.2
??,Nov-19,15.3
??,Dec-19,27.5
??,Jan-20,70.4
??,Feb-20,40.2
??,Mar-20,24.5
??,Apr-20,32.4
??,May-20,38.1
??,Jun-20,185.3
??,Jul-20,330.5
??,Aug-20,322.7
??,Sep-20,161
??,Oct-20,13.1
??,Nov-20,23.9
??,Dec-20,2.8
??,Jan-21,11.9
??,Feb-21,19.2
??,Mar-21,95.2
??,Apr-21,43
??,May-21,90.9
??,Jun-21,55.1
??,Jul-21,153.3
??,Aug-21,256.3
??,Sep-21,84.1
??,Oct-21,57.8
??,Nov-21,43.1
??,Dec-21,0.1
??,Jan-22,0
??,Feb-22,0.1
??,Mar-22,34.3
??,Apr-22,38.5
??,May-22,4.2
??,Jun-22,81.8
??,Jul-22,88.8
??,Aug-22,143.3
??,Sep-22,114.2
??,Oct-22,25.6
??,Nov-22,46.6
??,Dec-22,3.6
??,Jan-23,11.5
??,Feb-23,11.2
??,Mar-23,27.3
??,Apr-23,30.8
??,May-23,200
??,Jun-23,178.7
??,Jul-23,298.7
??,Aug-23,312.8
??,Sep-23,123.6
??,Oct-23,5.7
??,Nov-23,31.6
??,Dec-23,89.9
??,Jan-24,21.4
??,Feb-24,56.8
??,Mar-24,70.9
??,Apr-24,60.6
??,May-24,59.8
??,Jun-24,98.3
??,Jul-24,372.2
??,Aug-24,118.3
??,Sep-24,151.5
??,Oct-24,94.9
??,Nov-24,50.4
??,Dec-24,1.3
??,Jan-25,4.3
??,Feb-25,12.7
??,Mar-25,25.4
??,Apr-25,41.8
??,May-25,103.6
??,Jun-25,156.9
??,Jan-02,92.1
??,Feb-02,12
??,Mar-02,33.5
??,Apr-02,155.5
??,May-02,130.5
??,Jun-02,55.4
??,Jul-02,149.1
??,Aug-02,538.8
??,Sep-02,77
??,Oct-02,67.8
??,Nov-02,24
??,Dec-02,43
??,Jan-03,11.2
??,Feb-03,59.2
??,Mar-03,44.2
??,Apr-03,217.5
??,May-03,119.5
??,Jun-03,186.4
??,Jul-03,576.3
??,Aug-03,254.9
??,Sep-03,208.5
??,Oct-03,21.5
??,Nov-03,32.6
??,Dec-03,17.1
??,Jan-04,10.9
??,Feb-04,30.6
??,Mar-04,83.2
??,Apr-04,73.1
??,May-04,109
??,Jun-04,383.5
??,Jul-04,391
??,Aug-04,198.3
??,Sep-04,133.7
??,Oct-04,5
??,Nov-04,37.1
??,Dec-04,41.1
??,Jan-05,6
??,Feb-05,37.5
??,Mar-05,38.8
??,Apr-05,48.5
??,May-05,60.5
??,Jun-05,209.6
??,Jul-05,463.3
??,Aug-05,499.5
??,Sep-05,226.4
??,Oct-05,30.5
??,Nov-05,20.3
??,Dec-05,15.2
??,Jan-06,31.2
??,Feb-06,33.1
??,Mar-06,8.1
??,Apr-06,94.2
??,May-06,119.7
??,Jun-06,131
??,Jul-06,531
??,Aug-06,113.6
??,Sep-06,24.1
??,Oct-06,19.3
??,Nov-06,60
??,Dec-06,29.9
??,Jan-07,14
??,Feb-07,45
??,Mar-07,117.5
??,Apr-07,28.6
??,May-07,130.1
??,Jun-07,133
??,Jul-07,275.7
??,Aug-07,373
??,Sep-07,549.9
??,Oct-07,47.4
??,Nov-07,9.8
??,Dec-07,26.9
??,Jan-08,45.3
??,Feb-08,9.1
??,Mar-08,29.1
??,Apr-08,34.4
??,May-08,59.2
??,Jun-08,148.3
??,Jul-08,253.4
??,Aug-08,325.2
??,Sep-08,85.5
??,Oct-08,19.6
??,Nov-08,12.1
??,Dec-08,16.4
??,Jan-09,15.4
??,Feb-09,27.5
??,Mar-09,60.3
??,Apr-09,34.5
??,May-09,124.3
??,Jun-09,87.3
??,Jul-09,429.2
??,Aug-09,148.3
??,Sep-09,46
??,Oct-09,24.7
??,Nov-09,54.7
??,Dec-09,38.2
??,Jan-10,46.4
??,Feb-10,81.5
??,Mar-10,100.1
??,Apr-10,88.5
??,May-10,117.6
??,Jun-10,65.6
??,Jul-10,223.1
??,Aug-10,376.4
??,Sep-10,250.5
??,Oct-10,17.9
??,Nov-10,16.4
??,Dec-10,35.7
??,Jan-11,4
??,Feb-11,44.8
??,Mar-11,19
??,Apr-11,71
??,May-11,162
??,Jun-11,391.6
??,Jul-11,587.3
??,Aug-11,420.3
??,Sep-11,91.7
??,Oct-11,37
??,Nov-11,103.2
??,Dec-11,11.5
??,Jan-12,16.4
??,Feb-12,2.5
??,Mar-12,54.6
??,Apr-12,66.2
??,May-12,24
??,Jun-12,57.8
??,Jul-12,277.6
??,Aug-12,463.6
??,Sep-12,242.5
??,Oct-12,81.3
??,Nov-12,58.4
??,Dec-12,64.6
??,Jan-13,46.2
??,Feb-13,54.2
??,Mar-13,52.8
??,Apr-13,86.8
??,May-13,110.4
??,Jun-13,162.6
??,Jul-13,218.7
??,Aug-13,126.6
??,Sep-13,146.4
??,Oct-13,19.6
??,Nov-13,63.1
??,Dec-13,32.8
??,Jan-14,6.5
??,Feb-14,8.5
??,Mar-14,67.2
??,Apr-14,59.4
??,May-14,49.7
??,Jun-14,143.7
??,Jul-14,177.2
??,Aug-14,240.9
??,Sep-14,118
??,Oct-14,169.4
??,Nov-14,40.7
??,Dec-14,36.5
??,Jan-15,31.5
??,Feb-15,27
??,Mar-15,44.7
??,Apr-15,95.2
??,May-15,28.9
??,Jun-15,119.8
??,Jul-15,145.6
??,Aug-15,51.6
??,Sep-15,18.5
??,Oct-15,94.1
??,Nov-15,126.1
??,Dec-15,39.7
??,Jan-16,11.6
??,Feb-16,45.8
??,Mar-16,40.3
??,Apr-16,154.9
??,May-16,85.1
??,Jun-16,62.5
??,Jul-16,367.9
??,Aug-16,57.4
??,Sep-16,196
??,Oct-16,122.6
??,Nov-16,29.5
??,Dec-16,54.8
??,Jan-17,15
??,Feb-17,42
??,Mar-17,11.6
??,Apr-17,77.7
??,May-17,29.3
??,Jun-17,35.3
??,Jul-17,434.5
??,Aug-17,293.8
??,Sep-17,111.4
??,Oct-17,28.3
??,Nov-17,15.1
??,Dec-17,33.5
??,Jan-18,23.9
??,Feb-18,40.5
??,Mar-18,108.4
??,Apr-18,155.3
??,May-18,95.9
??,Jun-18,115.8
??,Jul-18,226.9
??,Aug-18,408.6
??,Sep-18,149.4
??,Oct-18,133.9
??,Nov-18,49.8
??,Dec-18,33.7
??,Jan-19,1.7
??,Feb-19,46.3
??,Mar-19,33.7
??,Apr-19,91.6
??,May-19,35.6
??,Jun-19,77.9
??,Jul-19,199
??,Aug-19,104.3
??,Sep-19,167
??,Oct-19,106.1
??,Nov-19,94
??,Dec-19,27
??,Jan-20,78.5
??,Feb-20,91.2
??,Mar-20,24.4
??,Apr-20,17.8
??,May-20,80.4
??,Jun-20,192.5
??,Jul-20,544.9
??,Aug-20,361.6
??,Sep-20,173.6
??,Oct-20,3.2
??,Nov-20,41.8
??,Dec-20,4.1
??,Jan-21,23.6
??,Feb-21,14.1
??,Mar-21,95.2
??,Apr-21,47.4
??,May-21,134.2
??,Jun-21,105.9
??,Jul-21,151.8
??,Aug-21,289.2
??,Sep-21,161.2
??,Oct-21,40.8
??,Nov-21,41.7
??,Dec-21,4.4
??,Jan-22,1.2
??,Feb-22,1.4
??,Mar-22,74
??,Apr-22,69.7
??,May-22,8.1
??,Jun-22,117.6
??,Jul-22,195
??,Aug-22,496.1
??,Sep-22,90.2
??,Oct-22,89.3
??,Nov-22,45.8
??,Dec-22,14.7
??,Jan-23,28.4
??,Feb-23,5.4
??,Mar-23,23.8
??,Apr-23,54.5
??,May-23,192.9
??,Jun-23,147.5
??,Jul-23,776.3
??,Aug-23,326.9
??,Sep-23,310.2
??,Oct-23,12.2
??,Nov-23,40.3
??,Dec-23,124.1
??,Jan-24,47.8
??,Feb-24,93.9
??,Mar-24,57.9
??,Apr-24,32.7
??,May-24,126.8
??,Jun-24,76.9
??,Jul-24,485.1
??,Aug-24,87.3
??,Sep-24,204.6
??,Oct-24,109.2
??,Nov-24,34.6
??,Dec-24,3.7
??,Jan-25,12.5
??,Feb-25,11.1
??,Mar-25,37.7
??,Apr-25,67.2
??,May-25,93.4
??,Jun-25,279.6
??,Jan-02,84.8
??,Feb-02,12.3
??,Mar-02,117.1
??,Apr-02,384.8
??,May-02,122.6
??,Jun-02,76
??,Jul-02,304.6
??,Aug-02,696.3
??,Sep-02,98.9
??,Oct-02,96.8
??,Nov-02,11.2
??,Dec-02,79.8
??,Jan-03,23.3
??,Feb-03,51.6
??,Mar-03,77.5
??,Apr-03,232
??,May-03,418.5
??,Jun-03,355
??,Jul-03,657.7
??,Aug-03,278
??,Sep-03,160.3
??,Oct-03,2.5
??,Nov-03,57.5
??,Dec-03,14.4
??,Jan-04,1.4
??,Feb-04,77.5
??,Mar-04,48.1
??,Apr-04,215
??,May-04,210.6
??,Jun-04,189.1
??,Jul-04,91.7
??,Aug-04,249
??,Sep-04,231.2
??,Oct-04,14.8
??,Nov-04,32
??,Dec-04,26.1
??,Jan-05,15.7
??,Feb-05,36.8
??,Mar-05,142.4
??,Apr-05,118.9
??,May-05,168
??,Jun-05,145
??,Jul-05,314.4
??,Aug-05,210.8
??,Sep-05,176.5
??,Oct-05,21.5
??,Nov-05,30.9
??,Dec-05,3
??,Jan-06,24.4
??,Feb-06,36.3
??,Mar-06,24.7
??,Apr-06,166.3
??,May-06,257.6
??,Jun-06,175.4
??,Jul-06,591.7
??,Aug-06,68
??,Sep-06,132.8
??,Oct-06,13.1
??,Nov-06,30.5
??,Dec-06,7.5
??,Jan-07,4.6
??,Feb-07,115
??,Mar-07,75.5
??,Apr-07,65.5
??,May-07,116.6
??,Jun-07,94.5
??,Jul-07,301.5
??,Aug-07,128.1
??,Sep-07,210.2
??,Oct-07,119
??,Nov-07,0
??,Dec-07,46
??,Jan-08,35.7
??,Feb-08,19.1
??,Mar-08,73.7
??,Apr-08,80.5
??,May-08,191.3
??,Jun-08,186.5
??,Jul-08,107.1
??,Aug-08,368.5
??,Sep-08,22.2
??,Oct-08,52.2
??,Nov-08,22
??,Dec-08,9.5
??,Jan-09,17
??,Feb-09,79
??,Mar-09,72.7
??,Apr-09,95.5
??,May-09,173.4
??,Jun-09,187.9
??,Jul-09,886.1
??,Aug-09,84.8
??,Sep-09,20
??,Oct-09,74.4
??,Nov-09,69
??,Dec-09,13.1
??,Jan-10,37.6
??,Feb-10,91.1
??,Mar-10,132.9
??,Apr-10,146.3
??,May-10,186.8
??,Jun-10,94.4
??,Jul-10,291.9
??,Aug-10,165.3
??,Sep-10,182.5
??,Oct-10,72.6
??,Nov-10,2
??,Dec-10,38.5
??,Jan-11,0
??,Feb-11,70.9
??,Mar-11,31.2
??,Apr-11,100
??,May-11,170
??,Jun-11,243.2
??,Jul-11,418.1
??,Aug-11,110
??,Sep-11,56.8
??,Oct-11,142.5
??,Nov-11,128.7
??,Dec-11,7.2
??,Jan-12,19.5
??,Feb-12,22.1
??,Mar-12,173.9
??,Apr-12,213.8
??,May-12,36.1
??,Jun-12,97.8
??,Jul-12,502
??,Aug-12,169.4
??,Sep-12,356
??,Oct-12,146.5
??,Nov-12,83.5
??,Dec-12,162.7
??,Jan-13,22.5
??,Feb-13,46.6
??,Mar-13,93.7
??,Apr-13,136.2
??,May-13,201
??,Jun-13,159
??,Jul-13,131
??,Aug-13,144.5
??,Sep-13,30.2
??,Oct-13,91.2
??,Nov-13,61.6
??,Dec-13,12.6
??,Jan-14,9.6
??,Feb-14,44.1
??,Mar-14,136.7
??,Apr-14,147.8
??,May-14,145.9
??,Jun-14,44.5
??,Jul-14,169.3
??,Aug-14,642.2
??,Sep-14,128.7
??,Oct-14,162.5
??,Nov-14,40.5
??,Dec-14,21.3
??,Jan-15,50.7
??,Feb-15,30.5
??,Mar-15,76.5
??,Apr-15,268
??,May-15,183
??,Jun-15,69.2
??,Jul-15,176.7
??,Aug-15,132.5
??,Sep-15,172
??,Oct-15,62
??,Nov-15,124.1
??,Dec-15,51.5
??,Jan-16,59.5
??,Feb-16,63.7
??,Mar-16,133.5
??,Apr-16,198.5
??,May-16,108.8
??,Jun-16,115.2
??,Jul-16,188.8
??,Aug-16,141.5
??,Sep-16,407.9
??,Oct-16,182.4
??,Nov-16,56.6
??,Dec-16,103.8
??,Jan-17,12
??,Feb-17,33.8
??,Mar-17,35.7
??,Apr-17,105.1
??,May-17,39.2
??,Jun-17,49.8
??,Jul-17,172.1
??,Aug-17,82.5
??,Sep-17,335
??,Oct-17,138.3
??,Nov-17,0.3
??,Dec-17,10.6
??,Jan-18,40.9
??,Feb-18,52.5
??,Mar-18,206.1
??,Apr-18,156.4
??,May-18,155.8
??,Jun-18,276.7
??,Jul-18,122.1
??,Aug-18,169.7
??,Sep-18,308.4
??,Oct-18,123.7
??,Nov-18,107.3
??,Dec-18,59
??,Jan-19,12.7
??,Feb-19,51.5
??,Mar-19,75.4
??,Apr-19,85
??,May-19,76.1
??,Jun-19,324.3
??,Jul-19,358.9
??,Aug-19,156.3
??,Sep-19,279
??,Oct-19,139.9
??,Nov-19,13.8
??,Dec-19,50.3
??,Jan-20,127.7
??,Feb-20,94.9
??,Mar-20,58.8
??,Apr-20,83.5
??,May-20,96.2
??,Jun-20,321.1
??,Jul-20,796.8
??,Aug-20,399.2
??,Sep-20,230.5
??,Oct-20,26.4
??,Nov-20,36.3
??,Dec-20,10.2
??,Jan-21,25.8
??,Feb-21,49.5
??,Mar-21,127.5
??,Apr-21,107.1
??,May-21,139.2
??,Jun-21,232.3
??,Jul-21,399.9
??,Aug-21,481.2
??,Sep-21,164.7
??,Oct-21,18.2
??,Nov-21,57.9
??,Dec-21,4.5
??,Jan-22,0
??,Feb-22,0
??,Mar-22,127.4
??,Apr-22,130.6
??,May-22,5.4
??,Jun-22,152
??,Jul-22,145
??,Aug-22,176.7
??,Sep-22,162.4
??,Oct-22,9.7
??,Nov-22,61.3
??,Dec-22,21.4
??,Jan-23,79.2
??,Feb-23,30
??,Mar-23,76.2
??,Apr-23,101.6
??,May-23,290.7
??,Jun-23,153.9
??,Jul-23,701.7
??,Aug-23,299.9
??,Sep-23,322.7
??,Oct-23,4.2
??,Nov-23,28.5
??,Dec-23,102.8
??,Jan-24,40.6
??,Feb-24,137.1
??,Mar-24,102
??,Apr-24,166.8
??,May-24,148.4
??,Jun-24,173.7
??,Jul-24,362.4
??,Aug-24,86.5
??,Sep-24,420.3
??,Oct-24,208.8
??,Nov-24,99.1
??,Dec-24,0
??,Jan-25,7.6
??,Feb-25,32
??,Mar-25,52
??,Apr-25,75.3
??,May-25,132.7
??,Jun-25,246.3
??,Jan-02,37.4
??,Feb-02,2.4
??,Mar-02,31.5
??,Apr-02,155.1
??,May-02,58
??,Jun-02,61.4
??,Jul-02,220.6
??,Aug-02,688
??,Sep-02,61.1
??,Oct-02,45
??,Nov-02,12.5
??,Dec-02,15
??,Jan-03,14.1
??,Feb-03,39.6
??,Mar-03,26.8
??,Apr-03,139.6
??,May-03,106
??,Jun-03,156
??,Jul-03,469.8
??,Aug-03,684.2
??,Sep-03,258.2
??,Oct-03,41.5
??,Nov-03,69.3
??,Dec-03,6.9
??,Jan-04,19.8
??,Feb-04,54.6
??,Mar-04,27.6
??,Apr-04,74.1
??,May-04,168.5
??,Jun-04,138.1
??,Jul-04,510.7
??,Aug-04,193.3
??,Sep-04,198.7
??,Oct-04,6.5
??,Nov-04,80
??,Dec-04,27.2
??,Jan-05,4.5
??,Feb-05,17.2
??,Mar-05,12.5
??,Apr-05,94.7
??,May-05,85.8
??,Jun-05,168.5
??,Jul-05,269.4
??,Aug-05,285
??,Sep-05,313.3
??,Oct-05,52.6
??,Nov-05,44.6
??,Dec-05,10.3
??,Jan-06,34.3
??,Feb-06,15.7
??,Mar-06,14
??,Apr-06,51.8
??,May-06,156.2
??,Jun-06,168.5
??,Jul-06,1014
??,Aug-06,121.2
??,Sep-06,11.1
??,Oct-06,30.2
??,Nov-06,47.6
??,Dec-06,17.3
??,Jan-07,10.8
??,Feb-07,12.6
??,Mar-07,123.5
??,Apr-07,41.1
??,May-07,137.6
??,Jun-07,54.5
??,Jul-07,274.1
??,Aug-07,237.6
??,Sep-07,241.9
??,Oct-07,39.5
??,Nov-07,26.4
??,Dec-07,12.7
??,Jan-08,17.7
??,Feb-08,15
??,Mar-08,53.9
??,Apr-08,38.5
??,May-08,97.7
??,Jun-08,165
??,Jul-08,530.8
??,Aug-08,251.2
??,Sep-08,99.2
??,Oct-08,41.8
??,Nov-08,19.6
??,Dec-08,25.9
??,Jan-09,5.7
??,Feb-09,36.9
??,Mar-09,63.9
??,Apr-09,66.5
??,May-09,109
??,Jun-09,132
??,Jul-09,659.4
??,Aug-09,285.3
??,Sep-09,64.5
??,Oct-09,66.9
??,Nov-09,52.4
??,Dec-09,21.5
??,Jan-10,29.3
??,Feb-10,55.3
??,Mar-10,82.5
??,Apr-10,62.8
??,May-10,124
??,Jun-10,127.6
??,Jul-10,239.2
??,Aug-10,598.7
??,Sep-10,671.5
??,Oct-10,25.6
??,Nov-10,10.9
??,Dec-10,16.1
??,Jan-11,8.9
??,Feb-11,29.1
??,Mar-11,14.6
??,Apr-11,110.1
??,May-11,53.4
??,Jun-11,404.5
??,Jul-11,1131
??,Aug-11,166.8
??,Sep-11,25.6
??,Oct-11,32
??,Nov-11,56.2
??,Dec-11,7.1
??,Jan-12,6.7
??,Feb-12,0.8
??,Mar-12,47.4
??,Apr-12,157
??,May-12,8.2
??,Jun-12,91.9
??,Jul-12,448.9
??,Aug-12,464.9
??,Sep-12,212
??,Oct-12,99.3
??,Nov-12,67.8
??,Dec-12,41.4
??,Jan-13,22.1
??,Feb-13,74.1
??,Mar-13,27.3
??,Apr-13,71.7
??,May-13,132
??,Jun-13,28.3
??,Jul-13,676.2
??,Aug-13,148.6
??,Sep-13,138.5
??,Oct-13,13.5
??,Nov-13,46.8
??,Dec-13,24.7
??,Jan-14,13
??,Feb-14,16.2
??,Mar-14,7.2
??,Apr-14,31
??,May-14,63
??,Jun-14,98.1
??,Jul-14,207.9
??,Aug-14,172.8
??,Sep-14,88.1
??,Oct-14,52.2
??,Nov-14,41.5
??,Dec-14,17.9
??,Jan-15,11.3
??,Feb-15,22.7
??,Mar-15,9.6
??,Apr-15,80.5
??,May-15,28.9
??,Jun-15,99
??,Jul-15,226
??,Aug-15,72.9
??,Sep-15,26
??,Oct-15,81.5
??,Nov-15,104.6
??,Dec-15,29.1
??,Jan-16,1
??,Feb-16,47.6
??,Mar-16,40.5
??,Apr-16,76.8
??,May-16,160.5
??,Jun-16,54.4
??,Jul-16,358.2
??,Aug-16,67.1
??,Sep-16,33
??,Oct-16,74.8
??,Nov-16,16.7
??,Dec-16,61.1
??,Jan-17,14.9
??,Feb-17,11.1
??,Mar-17,7.9
??,Apr-17,61.6
??,May-17,16.1
??,Jun-17,66.6
??,Jul-17,621
??,Aug-17,297
??,Sep-17,35
??,Oct-17,26.5
??,Nov-17,40.7
??,Dec-17,34.8
??,Jan-18,8.5
??,Feb-18,29.6
??,Mar-18,49.5
??,Apr-18,130.3
??,May-18,222
??,Jun-18,171.5
??,Jul-18,185.6
??,Aug-18,202.6
??,Sep-18,68.5
??,Oct-18,120.5
??,Nov-18,79.1
??,Dec-18,16.4
??,Jan-19,0
??,Feb-19,23.8
??,Mar-19,26.8
??,Apr-19,47.3
??,May-19,37.8
??,Jun-19,74
??,Jul-19,194.4
??,Aug-19,190.5
??,Sep-19,139.8
??,Oct-19,55.5
??,Nov-19,78.8
??,Dec-19,22.6
??,Jan-20,60.5
??,Feb-20,53.1
??,Mar-20,16.3
??,Apr-20,16.9
??,May-20,112.4
??,Jun-20,139.6
??,Jul-20,270.4
??,Aug-20,675.7
??,Sep-20,181.5
??,Oct-20,0
??,Nov-20,120.1
??,Dec-20,4.6
??,Jan-21,18.9
??,Feb-21,7.1
??,Mar-21,110.9
??,Apr-21,124.1
??,May-21,183.1
??,Jun-21,104.6
??,Jul-21,168.3
??,Aug-21,211.2
??,Sep-21,131
??,Oct-21,57
??,Nov-21,62.4
??,Dec-21,7.9
??,Jan-22,5.5
??,Feb-22,4.7
??,Mar-22,102.6
??,Apr-22,20.4
??,May-22,7.5
??,Jun-22,393.8
??,Jul-22,252.3
??,Aug-22,564.8
??,Sep-22,201.5
??,Oct-22,124.1
??,Nov-22,84.5
??,Dec-22,13.6
??,Jan-23,47.9
??,Feb-23,1
??,Mar-23,10.5
??,Apr-23,96.9
??,May-23,155.6
??,Jun-23,195.6
??,Jul-23,459.9
??,Aug-23,298.1
??,Sep-23,134.5
??,Oct-23,31
??,Nov-23,81.9
??,Dec-23,85.9
??,Jan-24,18.9
??,Feb-24,74.7
??,Mar-24,29.9
??,Apr-24,33.2
??,May-24,125.1
??,Jun-24,115.9
??,Jul-24,557.3
??,Aug-24,72.8
??,Sep-24,143.9
??,Oct-24,74
??,Nov-24,60
??,Dec-24,5.7
??,Jan-25,19.5
??,Feb-25,5.2
??,Mar-25,38.2
??,Apr-25,94.6
??,May-25,123.6
??,Jun-25,86.1
??,Jan-02,49.6
??,Feb-02,7.2
??,Mar-02,86.5
??,Apr-02,91.1
??,May-02,112.9
??,Jun-02,52.6
??,Jul-02,326.6
??,Aug-02,592.5
??,Sep-02,99.9
??,Oct-02,89.9
??,Nov-02,3.5
??,Dec-02,47.5
??,Jan-03,26.7
??,Feb-03,50.6
??,Mar-03,40.4
??,Apr-03,156.6
??,May-03,352.8
??,Jun-03,269
??,Jul-03,469.8
??,Aug-03,223.1
??,Sep-03,145.2
??,Oct-03,4.5
??,Nov-03,114.5
??,Dec-03,11
??,Jan-04,10.7
??,Feb-04,51.1
??,Mar-04,20.5
??,Apr-04,124.5
??,May-04,104
??,Jun-04,201.8
??,Jul-04,102
??,Aug-04,264.9
??,Sep-04,273.6
??,Oct-04,6.7
??,Nov-04,64.7
??,Dec-04,25.6
??,Jan-05,36.5
??,Feb-05,34.4
??,Mar-05,102.9
??,Apr-05,48.1
??,May-05,52.6
??,Jun-05,72.5
??,Jul-05,148.1
??,Aug-05,210.6
??,Sep-05,392.2
??,Oct-05,12.2
??,Nov-05,24.5
??,Dec-05,1.1
??,Jan-06,27.2
??,Feb-06,33.3
??,Mar-06,21
??,Apr-06,135.1
??,May-06,207.1
??,Jun-06,100.7
??,Jul-06,543.2
??,Aug-06,131.7
??,Sep-06,150
??,Oct-06,21
??,Nov-06,16.1
??,Dec-06,7.5
??,Jan-07,3
??,Feb-07,49.3
??,Mar-07,82.1
??,Apr-07,30.5
??,May-07,84.4
??,Jun-07,118
??,Jul-07,216.3
??,Aug-07,171.4
??,Sep-07,228.5
??,Oct-07,110.7
??,Nov-07,2
??,Dec-07,39.6
??,Jan-08,73.5
??,Feb-08,10
??,Mar-08,47.9
??,Apr-08,78.2
??,May-08,121.6
??,Jun-08,171.5
??,Jul-08,218.2
??,Aug-08,305.4
??,Sep-08,49.4
??,Oct-08,9.4
??,Nov-08,16.7
??,Dec-08,10.5
??,Jan-09,14.7
??,Feb-09,48.6
??,Mar-09,35
??,Apr-09,62.9
??,May-09,92.3
??,Jun-09,228.7
??,Jul-09,450.7
??,Aug-09,43
??,Sep-09,50.4
??,Oct-09,54.5
??,Nov-09,36.3
??,Dec-09,16.1
??,Jan-10,17
??,Feb-10,108
??,Mar-10,98.9
??,Apr-10,112.8
??,May-10,137.3
??,Jun-10,40.1
??,Jul-10,266.8
??,Aug-10,114.5
??,Sep-10,182
??,Oct-10,38.5
??,Nov-10,15.5
??,Dec-10,30.2
??,Jan-11,10.5
??,Feb-11,76.1
??,Mar-11,18.5
??,Apr-11,83.6
??,May-11,114.8
??,Jun-11,293.5
??,Jul-11,284.8
??,Aug-11,71
??,Sep-11,96.5
??,Oct-11,71
??,Nov-11,93.9
??,Dec-11,19
??,Jan-12,74.2
??,Feb-12,12
??,Mar-12,103.2
??,Apr-12,150.5
??,May-12,38.1
??,Jun-12,76.4
??,Jul-12,221
??,Aug-12,220.4
??,Sep-12,392.6
??,Oct-12,40.6
??,Nov-12,65.9
??,Dec-12,63.2
??,Jan-13,22
??,Feb-13,26.4
??,Mar-13,78
??,Apr-13,86.5
??,May-13,155.1
??,Jun-13,79.9
??,Jul-13,130.1
??,Aug-13,47.7
??,Sep-13,49.6
??,Oct-13,129.9
??,Nov-13,40.9
??,Dec-13,12.2
??,Jan-14,8.6
??,Feb-14,98.5
??,Mar-14,122.4
??,Apr-14,91.2
??,May-14,45.7
??,Jun-14,73.6
??,Jul-14,96.9
??,Aug-14,577.5
??,Sep-14,113.2
??,Oct-14,120.3
??,Nov-14,44.3
??,Dec-14,6.5
??,Jan-15,26.3
??,Feb-15,20.4
??,Mar-15,51.7
??,Apr-15,122.9
??,May-15,98.3
??,Jun-15,77
??,Jul-15,176.3
??,Aug-15,120.2
??,Sep-15,160.6
??,Oct-15,39.8
??,Nov-15,103.5
??,Dec-15,47.6
??,Jan-16,50.6
??,Feb-16,32.4
??,Mar-16,92.2
??,Apr-16,179.2
??,May-16,86.1
??,Jun-16,70.1
??,Jul-16,226.9
??,Aug-16,98.2
??,Sep-16,364.3
??,Oct-16,358.7
??,Nov-16,47.1
??,Dec-16,88.1
??,Jan-17,15.3
??,Feb-17,23.6
??,Mar-17,27.6
??,Apr-17,111.9
??,May-17,26.3
??,Jun-17,38.5
??,Jul-17,104.6
??,Aug-17,69.8
??,Sep-17,178
??,Oct-17,63.1
??,Nov-17,0
??,Dec-17,12.7
??,Jan-18,31.3
??,Feb-18,44.8
??,Mar-18,155.3
??,Apr-18,123.3
??,May-18,95.4
??,Jun-18,127.6
??,Jul-18,160.3
??,Aug-18,279.3
??,Sep-18,156.9
??,Oct-18,162
??,Nov-18,51.8
??,Dec-18,28.1
??,Jan-19,15.5
??,Feb-19,38.8
??,Mar-19,40.7
??,Apr-19,88.9
??,May-19,35
??,Jun-19,247.5
??,Jul-19,206.5
??,Aug-19,195.7
??,Sep-19,287.5
??,Oct-19,222.2
??,Nov-19,31
??,Dec-19,40.8
??,Jan-20,178.7
??,Feb-20,53.6
??,Mar-20,41.6
??,Apr-20,73.2
??,May-20,51.5
??,Jun-20,218.6
??,Jul-20,498.3
??,Aug-20,137.1
??,Sep-20,243
??,Oct-20,18.9
??,Nov-20,37.7
??,Dec-20,5.7
??,Jan-21,20.6
??,Feb-21,28.8
??,Mar-21,138.9
??,Apr-21,73.9
??,May-21,120.4
??,Jun-21,93.8
??,Jul-21,189.3
??,Aug-21,443.9
??,Sep-21,125.2
??,Oct-21,49
??,Nov-21,49.7
??,Dec-21,3.5
??,Jan-22,0.9
??,Feb-22,2.2
??,Mar-22,55.5
??,Apr-22,81
??,May-22,6.1
??,Jun-22,147.1
??,Jul-22,125
??,Aug-22,138.5
??,Sep-22,284.8
??,Oct-22,30.4
??,Nov-22,44.9
??,Dec-22,9.7
??,Jan-23,41.3
??,Feb-23,28
??,Mar-23,68.3
??,Apr-23,57.7
??,May-23,195.2
??,Jun-23,141.4
??,Jul-23,266.9
??,Aug-23,403.3
??,Sep-23,276.7
??,Oct-23,4.3
??,Nov-23,33.1
??,Dec-23,126.7
??,Jan-24,42.3
??,Feb-24,105.4
??,Mar-24,80.2
??,Apr-24,99.1
??,May-24,69.3
??,Jun-24,124.6
??,Jul-24,209.2
??,Aug-24,89.1
??,Sep-24,237
??,Oct-24,174.3
??,Nov-24,67.5
??,Dec-24,0
??,Jan-25,6.4
??,Feb-25,16.1
??,Mar-25,71.7
??,Apr-25,56.1
??,May-25,107.1
??,Jun-25,127.8
??,Jan-02,35.3
??,Feb-02,2.3
??,Mar-02,28.3
??,Apr-02,139.5
??,May-02,66.9
??,Jun-02,45.2
??,Jul-02,214.7
??,Aug-02,411.4
??,Sep-02,24.9
??,Oct-02,40.9
??,Nov-02,14.2
??,Dec-02,10.1
??,Jan-03,9.5
??,Feb-03,31.7
??,Mar-03,26.3
??,Apr-03,129
??,May-03,99.6
??,Jun-03,148.8
??,Jul-03,351.4
??,Aug-03,588.3
??,Sep-03,210.5
??,Oct-03,35.5
??,Nov-03,61.2
??,Dec-03,10.4
??,Jan-04,18.5
??,Feb-04,48
??,Mar-04,14.2
??,Apr-04,64.4
??,May-04,169
??,Jun-04,97.5
??,Jul-04,410.4
??,Aug-04,111
??,Sep-04,259.1
??,Oct-04,5
??,Nov-04,87.4
??,Dec-04,23
??,Jan-05,2.5
??,Feb-05,17
??,Mar-05,12.9
??,Apr-05,76.4
??,May-05,82
??,Jun-05,145.3
??,Jul-05,228.9
??,Aug-05,201.3
??,Sep-05,302.6
??,Oct-05,41.3
??,Nov-05,38.7
??,Dec-05,6.9
??,Jan-06,33.2
??,Feb-06,14.9
??,Mar-06,5
??,Apr-06,35
??,May-06,186.5
??,Jun-06,134
??,Jul-06,765
??,Aug-06,36.2
??,Sep-06,11.2
??,Oct-06,19.5
??,Nov-06,36.2
??,Dec-06,23.4
??,Jan-07,3.5
??,Feb-07,10
??,Mar-07,108.3
??,Apr-07,28
??,May-07,134.1
??,Jun-07,59.5
??,Jul-07,228.5
??,Aug-07,239
??,Sep-07,224.4
??,Oct-07,52.7
??,Nov-07,24.9
??,Dec-07,7.1
??,Jan-08,13.7
??,Feb-08,4.9
??,Mar-08,45.8
??,Apr-08,48.5
??,May-08,63.9
??,Jun-08,102.3
??,Jul-08,522.8
??,Aug-08,165.7
??,Sep-08,76
??,Oct-08,55.7
??,Nov-08,18
??,Dec-08,20.1
??,Jan-09,6.1
??,Feb-09,25.1
??,Mar-09,64.1
??,Apr-09,40.4
??,May-09,134.5
??,Jun-09,91.4
??,Jul-09,470.6
??,Aug-09,316
??,Sep-09,51
??,Oct-09,88.5
??,Nov-09,77
??,Dec-09,17.4
??,Jan-10,29.2
??,Feb-10,50.1
??,Mar-10,62.9
??,Apr-10,57.3
??,May-10,104.9
??,Jun-10,200.2
??,Jul-10,275.4
??,Aug-10,485.1
??,Sep-10,454.1
??,Oct-10,29
??,Nov-10,13.4
??,Dec-10,16.1
??,Jan-11,7
??,Feb-11,32.5
??,Mar-11,14.5
??,Apr-11,127.6
??,May-11,44.2
??,Jun-11,307.6
??,Jul-11,864.2
??,Aug-11,208.4
??,Sep-11,26.4
??,Oct-11,30.3
??,Nov-11,55.7
??,Dec-11,7.1
??,Jan-12,4
??,Feb-12,0
??,Mar-12,26.6
??,Apr-12,104.5
??,May-12,14
??,Jun-12,90.8
??,Jul-12,425.3
??,Aug-12,365.2
??,Sep-12,161.1
??,Oct-12,77.7
??,Nov-12,95.5
??,Dec-12,50.4
??,Jan-13,25.5
??,Feb-13,68.9
??,Mar-13,30.7
??,Apr-13,52.5
??,May-13,126.2
??,Jun-13,36.9
??,Jul-13,447.4
??,Aug-13,120.7
??,Sep-13,204.5
??,Oct-13,5.1
??,Nov-13,44.8
??,Dec-13,23.4
??,Jan-14,7.9
??,Feb-14,16.7
??,Mar-14,8.5
??,Apr-14,44.1
??,May-14,74.3
??,Jun-14,62.8
??,Jul-14,227.2
??,Aug-14,122.1
??,Sep-14,93.9
??,Oct-14,60.3
??,Nov-14,46
??,Dec-14,24.3
??,Jan-15,10.3
??,Feb-15,22.8
??,Mar-15,10
??,Apr-15,53.7
??,May-15,30.1
??,Jun-15,63.6
??,Jul-15,175.8
??,Aug-15,45.5
??,Sep-15,13.5
??,Oct-15,87
??,Nov-15,107.7
??,Dec-15,32
??,Jan-16,2.8
??,Feb-16,43.1
??,Mar-16,44.1
??,Apr-16,80.8
??,May-16,148.5
??,Jun-16,19.5
??,Jul-16,300.5
??,Aug-16,26.5
??,Sep-16,34.5
??,Oct-16,78.7
??,Nov-16,18.2
??,Dec-16,67.1
??,Jan-17,20.6
??,Feb-17,16.2
??,Mar-17,9.7
??,Apr-17,57
??,May-17,21.6
??,Jun-17,49.3
??,Jul-17,478.3
??,Aug-17,250.5
??,Sep-17,21.6
??,Oct-17,21.8
??,Nov-17,42.2
??,Dec-17,40.1
??,Jan-18,4.5
??,Feb-18,27
??,Mar-18,78.6
??,Apr-18,112.2
??,May-18,158.9
??,Jun-18,144
??,Jul-18,148.8
??,Aug-18,214.9
??,Sep-18,46.1
??,Oct-18,116.2
??,Nov-18,66.6
??,Dec-18,16.6
??,Jan-19,0.7
??,Feb-19,26.6
??,Mar-19,28.4
??,Apr-19,41.1
??,May-19,33.2
??,Jun-19,49.7
??,Jul-19,220.8
??,Aug-19,143.7
??,Sep-19,229
??,Oct-19,31.9
??,Nov-19,89.4
??,Dec-19,25
??,Jan-20,48.6
??,Feb-20,49.7
??,Mar-20,10.7
??,Apr-20,13.8
??,May-20,101.2
??,Jun-20,100.2
??,Jul-20,243.5
??,Aug-20,486.4
??,Sep-20,167.7
??,Oct-20,1.9
??,Nov-20,81.6
??,Dec-20,6.6
??,Jan-21,20.8
??,Feb-21,6.6
??,Mar-21,93.4
??,Apr-21,116.9
??,May-21,191.5
??,Jun-21,45.4
??,Jul-21,84.2
??,Aug-21,269
??,Sep-21,125.8
??,Oct-21,31.6
??,Nov-21,79
??,Dec-21,7.6
??,Jan-22,4.4
??,Feb-22,2.7
??,Mar-22,84.6
??,Apr-22,21.1
??,May-22,5.4
??,Jun-22,286
??,Jul-22,215.2
??,Aug-22,635.9
??,Sep-22,167.8
??,Oct-22,102.1
??,Nov-22,81.3
??,Dec-22,14
??,Jan-23,47.2
??,Feb-23,0.5
??,Mar-23,10
??,Apr-23,70.4
??,May-23,133.8
??,Jun-23,116.2
??,Jul-23,370.8
??,Aug-23,297.5
??,Sep-23,129.2
??,Oct-23,16.8
??,Nov-23,63.1
??,Dec-23,75.9
??,Jan-24,16.3
??,Feb-24,63.8
??,Mar-24,19.2
??,Apr-24,35.3
??,May-24,122.6
??,Jun-24,101.8
??,Jul-24,342.9
??,Aug-24,86.7
??,Sep-24,122.9
??,Oct-24,82.1
??,Nov-24,62.2
??,Dec-24,5
??,Jan-25,19.6
??,Feb-25,3.5
??,Mar-25,26.5
??,Apr-25,106.2
??,May-25,98.2
??,Jun-25,136.9
??,Jun-25,164.4
??,May-25,182.7
??,Apr-25,69.7
??,Mar-25,44
??,Feb-25,39.9
??,Jan-25,12.8
??,Dec-24,4.8
??,Nov-24,104.5
??,Oct-24,135.1
??,Sep-24,270
??,Aug-24,75.2
??,Jul-24,293.2
??,Jun-24,183
??,May-24,146.2
??,Apr-24,149
??,Mar-24,81.5
??,Feb-24,131.4
??,Jan-24,45.5
??,Dec-23,65.2
??,Nov-23,83.3
??,Oct-23,6.7
??,Sep-23,144.5
??,Aug-23,244.4
??,Jul-23,535
??,Jun-23,243.9
??,May-23,263.6
??,Apr-23,98.9
??,Mar-23,38
??,Feb-23,31.2
??,Jan-23,52.6
??,Dec-22,16.7
??,Nov-22,43.1
??,Oct-22,23.8
??,Sep-22,149.9
??,Aug-22,121.5
??,Jul-22,200.7
??,Jun-22,90.2
??,May-22,2.9
??,Apr-22,75.1
??,Mar-22,118.2
??,Feb-22,1.7
??,Jan-22,2.1
??,Dec-21,5.4
??,Nov-21,59.6
??,Oct-21,25.6
??,Sep-21,111.9
??,Aug-21,282.9
??,Jul-21,404.2
??,Jun-21,116.9
??,May-21,127.3
??,Apr-21,62.5
??,Mar-21,135.9
??,Feb-21,34.8
??,Jan-21,31.1
??,Dec-20,15.1
??,Nov-20,13.9
??,Oct-20,22.1
??,Sep-20,229.3
??,Aug-20,273.7
??,Jul-20,391.7
??,Jun-20,292.3
??,May-20,161.2
??,Apr-20,69.1
??,Mar-20,41.7
??,Feb-20,42.9
??,Jan-20,82.7
??,Dec-19,34.2
??,Nov-19,20.2
??,Oct-19,207
??,Sep-19,255.2
??,Aug-19,110.4
??,Jul-19,262.5
??,Jun-19,212.8
??,May-19,130.2
??,Apr-19,81.6
??,Mar-19,55.9
??,Feb-19,38.9
??,Jan-19,13.8
??,Dec-18,37.3
??,Nov-18,42.6
??,Oct-18,166
??,Sep-18,180
??,Aug-18,213.8
??,Jul-18,80.5
??,Jun-18,228.1
??,May-18,99
??,Apr-18,140.5
??,Mar-18,164.5
??,Feb-18,32.1
??,Jan-18,39.8
??,Dec-17,22.7
??,Nov-17,1.5
??,Oct-17,110.4
??,Sep-17,118.2
??,Aug-17,224.8
??,Jul-17,181.3
??,Jun-17,100.7
??,May-17,28
??,Apr-17,58.2
??,Mar-17,27.7
??,Feb-17,36
??,Jan-17,11.5
??,Dec-16,69
??,Nov-16,78.9
??,Oct-16,195
??,Sep-16,250.5
??,Aug-16,41.2
??,Jul-16,217.2
??,Jun-16,130.8
??,May-16,118.7
??,Apr-16,230
??,Mar-16,76.4
??,Feb-16,50.5
??,Jan-16,59
??,Dec-15,52.7
??,Nov-15,90.7
??,Oct-15,72.1
??,Sep-15,79.2
??,Aug-15,141.6
??,Jul-15,212.2
??,Jun-15,122.8
??,May-15,115.8
??,Apr-15,222
??,Mar-15,57.2
??,Feb-15,37.5
??,Jan-15,36.2
??,Dec-14,43.1
??,Nov-14,85.7
??,Oct-14,107.1
??,Sep-14,132.8
??,Aug-14,473.2
??,Jul-14,200.6
??,Jun-14,107.8
??,May-14,106
??,Apr-14,83.1
??,Mar-14,104.4
??,Feb-14,24.8
??,Jan-14,15.3
??,Dec-13,10.3
??,Nov-13,81.7
??,Oct-13,29.6
??,Sep-13,96.6
??,Aug-13,221.3
??,Jul-13,209.6
??,Jun-13,87.7
??,May-13,185.7
??,Apr-13,71
??,Mar-13,86.6
??,Feb-13,73.3
??,Jan-13,19
??,Dec-12,81.8
??,Nov-12,51.9
??,Oct-12,57.8
??,Sep-12,287.4
??,Aug-12,465.5
??,Jul-12,273.5
??,Jun-12,59.9
??,May-12,41
??,Apr-12,196.7
??,Mar-12,152.5
??,Feb-12,34
??,Jan-12,12.4
??,Dec-11,11.2
??,Nov-11,174.6
??,Oct-11,36.1
??,Sep-11,27.1
??,Aug-11,331.1
??,Jul-11,310.4
??,Jun-11,209
??,May-11,124.6
??,Apr-11,111.3
??,Mar-11,32.5
??,Feb-11,70.2
??,Jan-11,3.9
??,Dec-10,40.2
??,Nov-10,9.9
??,Oct-10,45
??,Sep-10,154.4
??,Aug-10,376.1
??,Jul-10,319.4
??,Jun-10,101.7
??,May-10,144
??,Apr-10,160.3
??,Mar-10,117
??,Feb-10,113
??,Jan-10,35.2
??,Dec-09,28.9
??,Nov-09,30.4
??,Oct-09,60
??,Sep-09,50.8
??,Aug-09,116.6
??,Jul-09,543.2
??,Jun-09,136
??,May-09,148.9
??,Apr-09,91
??,Mar-09,65.6
??,Feb-09,59.6
??,Jan-09,17.3
??,Dec-08,12
??,Nov-08,29.6
??,Oct-08,39.6
??,Sep-08,38
??,Aug-08,126.4
??,Jul-08,103.3
??,Jun-08,305.8
??,May-08,174.1
??,Apr-08,62.8
??,Mar-08,63.8
??,Feb-08,15.2
??,Jan-08,48.1
??,Dec-07,49.1
??,Nov-07,2.7
??,Oct-07,91.4
??,Sep-07,486.9
??,Aug-07,317.4
??,Jul-07,270.1
??,Jun-07,42.7
??,May-07,131.4
??,Apr-07,45.6
??,Mar-07,130.1
??,Feb-07,67.8
??,Jan-07,11.5
??,Dec-06,34.7
??,Nov-06,34.4
??,Oct-06,40.2
??,Sep-06,78.4
??,Aug-06,175
??,Jul-06,471.4
??,Jun-06,239.4
??,May-06,236.3
??,Apr-06,140.8
??,Mar-06,23.1
??,Feb-06,44.9
??,Jan-06,16.2
??,Dec-05,44.3
??,Nov-05,65.3
??,Oct-05,18.5
??,Sep-05,84.6
??,Aug-05,245.7
??,Jul-05,209.4
??,Jun-05,181.8
??,May-05,122.1
??,Apr-05,118
??,Mar-05,76.5
??,Feb-05,43.5
??,Jan-05,15.8
??,Dec-04,31.9
??,Nov-04,68.9
??,Oct-04,3.9
??,Sep-04,275.8
??,Aug-04,453
??,Jul-04,257.6
??,Jun-04,225.3
??,May-04,131.4
??,Apr-04,89.2
??,Mar-04,52.2
??,Feb-04,58.6
??,Jan-04,15.3
??,Dec-03,25.2
??,Nov-03,56.6
??,Oct-03,29.5
??,Sep-03,238.2
??,Aug-03,336.2
??,Jul-03,487.7
??,Jun-03,193.4
??,May-03,201.7
??,Apr-03,225.5
??,Mar-03,79.1
??,Feb-03,49.2
??,Jan-03,34
??,Dec-02,28.4
??,Nov-02,21.4
??,Oct-02,44.1
??,Sep-02,109.2
??,Aug-02,595.1
??,Jul-02,324.4
??,Jun-02,110.4
??,May-02,102.8
??,Apr-02,144.7
??,Mar-02,67.4
??,Feb-02,15.9
??,Jan-02,54.9
??,Jun-25,291.3
??,May-25,115.5
??,Apr-25,63.6
??,Mar-25,38.4
??,Feb-25,27.7
??,Jan-25,39.1
??,Dec-24,20.1
??,Nov-24,55.6
??,Oct-24,91
??,Sep-24,210.1
??,Aug-24,90.7
??,Jul-24,398.6
??,Jun-24,114.9
??,May-24,100.3
??,Apr-24,65.7
??,Mar-24,70.2
??,Feb-24,119.6
??,Jan-24,53.4
??,Dec-23,127
??,Nov-23,91.1
??,Oct-23,15.1
??,Sep-23,173.9
??,Aug-23,257.3
??,Jul-23,722.4
??,Jun-23,236.6
??,May-23,235.6
??,Apr-23,53.2
??,Mar-23,29.9
??,Feb-23,10.7
??,Jan-23,26.8
??,Dec-22,42.7
??,Nov-22,73.1
??,Oct-22,53.7
??,Sep-22,82
??,Aug-22,223.2
??,Jul-22,145.8
??,Jun-22,188.3
??,May-22,5.1
??,Apr-22,69
??,Mar-22,81.8
??,Feb-22,7.6
??,Jan-22,2.8
??,Dec-21,12.1
??,Nov-21,89.8
??,Oct-21,43.7
??,Sep-21,133.6
??,Aug-21,358.4
??,Jul-21,231.8
??,Jun-21,120.2
??,May-21,109.3
??,Apr-21,41.3
??,Mar-21,97.8
??,Feb-21,27
??,Jan-21,34.8
??,Dec-20,18.4
??,Nov-20,57.5
??,Oct-20,7
??,Sep-20,197.8
??,Aug-20,550.8
??,Jul-20,533.5
??,Jun-20,179.1
??,May-20,86.9
??,Apr-20,34.5
??,Mar-20,32.9
??,Feb-20,61.5
??,Jan-20,77.4
??,Dec-19,33.2
??,Nov-19,54.3
??,Oct-19,112.8
??,Sep-19,246.2
??,Aug-19,148.4
??,Jul-19,220.2
??,Jun-19,83.3
??,May-19,53.9
??,Apr-19,99.5
??,Mar-19,29.3
??,Feb-19,32.6
??,Jan-19,13
??,Dec-18,29.8
??,Nov-18,38.1
??,Oct-18,145.7
??,Sep-18,90.8
??,Aug-18,320.1
??,Jul-18,191
??,Jun-18,130.8
??,May-18,106.8
??,Apr-18,113.7
??,Mar-18,99
??,Feb-18,31.5
??,Jan-18,34.8
??,Dec-17,40.5
??,Nov-17,7.4
??,Oct-17,38.2
??,Sep-17,101.7
??,Aug-17,201
??,Jul-17,282.4
??,Jun-17,47.4
??,May-17,63.8
??,Apr-17,58.3
??,Mar-17,22.6
??,Feb-17,48.3
??,Jan-17,19.3
??,Dec-16,50.6
??,Nov-16,37
??,Oct-16,143.7
??,Sep-16,160
??,Aug-16,60.6
??,Jul-16,225.9
??,Jun-16,63.2
??,May-16,99
??,Apr-16,171.7
??,Mar-16,65.4
??,Feb-16,35.1
??,Jan-16,45.5
??,Dec-15,69.5
??,Nov-15,113.3
??,Oct-15,106.3
??,Sep-15,32.4
??,Aug-15,65.5
??,Jul-15,143.8
??,Jun-15,126.7
??,May-15,40.6
??,Apr-15,112.7
??,Mar-15,35.8
??,Feb-15,16.9
??,Jan-15,45.2
??,Dec-14,72.8
??,Nov-14,80.5
??,Oct-14,102.7
??,Sep-14,86.1
??,Aug-14,384.4
??,Jul-14,212
??,Jun-14,66.7
??,May-14,41
??,Apr-14,77.7
??,Mar-14,86.4
??,Feb-14,2.4
??,Jan-14,6.1
??,Dec-13,24.2
??,Nov-13,77.4
??,Oct-13,19
??,Sep-13,66.6
??,Aug-13,249.2
??,Jul-13,336.1
??,Jun-13,75.1
??,May-13,99.5
??,Apr-13,83.1
??,Mar-13,68.7
??,Feb-13,41.2
??,Jan-13,21.4
??,Dec-12,67.3
??,Nov-12,54.9
??,Oct-12,52.7
??,Sep-12,223.7
??,Aug-12,523.2
??,Jul-12,260.5
??,Jun-12,67.2
??,May-12,30
??,Apr-12,60.7
??,Mar-12,72.5
??,Feb-12,8.6
??,Jan-12,24.3
??,Dec-11,20.8
??,Nov-11,102
??,Oct-11,25.6
??,Sep-11,50.9
??,Aug-11,495.5
??,Jul-11,405.4
??,Jun-11,124.6
??,May-11,110.5
??,Apr-11,80.4
??,Mar-11,22.7
??,Feb-11,59.1
??,Jan-11,6.9
??,Dec-10,50.2
??,Nov-10,18.2
??,Oct-10,38.5
??,Sep-10,105.4
??,Aug-10,549
??,Jul-10,294
??,Jun-10,33.1
??,May-10,98.7
??,Apr-10,88.7
??,Mar-10,71.9
??,Feb-10,101.4
??,Jan-10,39
??,Dec-09,55.2
??,Nov-09,23.6
??,Oct-09,26.8
??,Sep-09,64.1
??,Aug-09,176
??,Jul-09,513.4
??,Jun-09,123.4
??,May-09,110.4
??,Apr-09,26.3
??,Mar-09,49
??,Feb-09,38.8
??,Jan-09,26.7
??,Dec-08,29.9
??,Nov-08,32.7
??,Oct-08,23.4
??,Sep-08,29.9
??,Aug-08,163.3
??,Jul-08,156
??,Jun-08,218.8
??,May-08,131.2
??,Apr-08,45.3
??,Mar-08,42.7
??,Feb-08,6.9
??,Jan-08,40.8
??,Dec-07,52.8
??,Nov-07,9.4
??,Oct-07,52.6
??,Sep-07,566.2
??,Aug-07,413.8
??,Jul-07,219.6
??,Jun-07,117
??,May-07,70.7
??,Apr-07,33.5
??,Mar-07,112.9
??,Feb-07,63
??,Jan-07,16.2
??,Dec-06,49.9
??,Nov-06,57.5
??,Oct-06,36.8
??,Sep-06,38
??,Aug-06,146
??,Jul-06,487.8
??,Jun-06,120
??,May-06,136.7
??,Apr-06,86.9
??,Mar-06,11.5
??,Feb-06,35.9
??,Jan-06,20.3
??,Dec-05,55.3
??,Nov-05,29.1
??,Oct-05,21.2
??,Sep-05,162.5
??,Aug-05,420.7
??,Jul-05,428.2
??,Jun-05,133.8
??,May-05,53.5
??,Apr-05,43.5
??,Mar-05,49.2
??,Feb-05,40.3
??,Jan-05,11.6
??,Dec-04,42.4
??,Nov-04,74.7
??,Oct-04,8.5
??,Sep-04,172.2
??,Aug-04,348
??,Jul-04,236.5
??,Jun-04,269.9
??,May-04,91.3
??,Apr-04,61.8
??,Mar-04,22.3
??,Feb-04,28.6
??,Jan-04,20.7
??,Dec-03,24.2
??,Nov-03,45.7
??,Oct-03,38.8
??,Sep-03,183
??,Aug-03,315.5
??,Jul-03,599.5
??,Jun-03,135.9
??,May-03,136.7
??,Apr-03,241.7
??,Mar-03,53.5
??,Feb-03,40.8
??,Jan-03,44.9
??,Dec-02,60.6
??,Nov-02,41.6
??,Oct-02,51.8
??,Sep-02,53.7
??,Aug-02,383.3
??,Jul-02,164
??,Jun-02,63.6
??,May-02,107.4
??,Apr-02,159.6
??,Mar-02,44.6
??,Feb-02,10.5
??,Jan-02,71.8
??,Jun-25,143.3
??,May-25,237.9
??,Apr-25,103.2
??,Mar-25,90.4
??,Feb-25,78.1
??,Jan-25,19.6
??,Dec-24,5.9
??,Nov-24,298.9
??,Oct-24,130.2
??,Sep-24,126.8
??,Aug-24,78.2
??,Jul-24,172.8
??,Jun-24,432.8
??,May-24,128.8
??,Apr-24,174.1
??,Mar-24,116
??,Feb-24,192.4
??,Jan-24,72.2
??,Dec-23,74
??,Nov-23,55.8
??,Oct-23,21.3
??,Sep-23,126.6
??,Aug-23,196.2
??,Jul-23,291.8
??,Jun-23,292.3
??,May-23,408.1
??,Apr-23,134.8
??,Mar-23,52.6
??,Feb-23,78.2
??,Jan-23,59.7
??,Dec-22,34.3
??,Nov-22,102.5
??,Oct-22,19.6
??,Sep-22,306.3
??,Aug-22,191.1
??,Jul-22,226.3
??,Jun-22,197.5
??,May-22,17.1
??,Apr-22,99.6
??,Mar-22,115.6
??,Feb-22,20.8
??,Jan-22,31.8
??,Dec-21,23.6
??,Nov-21,58.7
??,Oct-21,46.6
??,Sep-21,491.3
??,Aug-21,290.2
??,Jul-21,201.7
??,Jun-21,172.1
??,May-21,136.6
??,Apr-21,109.2
??,Mar-21,140.8
??,Feb-21,54.7
??,Jan-21,84.2
??,Dec-20,41.1
??,Nov-20,18.6
??,Oct-20,40.5
??,Sep-20,356.9
??,Aug-20,171.4
??,Jul-20,283.2
??,Jun-20,311.2
??,May-20,150.3
??,Apr-20,70.9
??,Mar-20,96.4
??,Feb-20,66.4
??,Jan-20,99.3
??,Dec-19,80.2
??,Nov-19,27.8
??,Oct-19,175.1
??,Sep-19,502.8
??,Aug-19,279.8
??,Jul-19,481.1
??,Jun-19,167.5
??,May-19,209.8
??,Apr-19,67.8
??,Mar-19,60.2
??,Feb-19,37.8
??,Jan-19,23
??,Dec-18,70.8
??,Nov-18,42.1
??,Oct-18,278.6
??,Sep-18,330.8
??,Aug-18,268.1
??,Jul-18,36
??,Jun-18,257.7
??,May-18,227.5
??,Apr-18,212.3
??,Mar-18,134.8
??,Feb-18,48.6
??,Jan-18,60.9
??,Dec-17,19.4
??,Nov-17,13
??,Oct-17,196.7
??,Sep-17,93.1
??,Aug-17,195.7
??,Jul-17,43.5
??,Jun-17,154.1
??,May-17,48.9
??,Apr-17,137
??,Mar-17,42.3
??,Feb-17,60.5
??,Jan-17,49.9
??,Dec-16,64.1
??,Nov-16,58
??,Oct-16,358
??,Sep-16,183.3
??,Aug-16,123.3
??,Jul-16,150.9
??,Jun-16,222
??,May-16,164.8
??,Apr-16,176.8
??,Mar-16,117.5
??,Feb-16,91.7
??,Jan-16,100.3
??,Dec-15,95.8
??,Nov-15,194.4
??,Oct-15,46
??,Sep-15,234
??,Aug-15,203
??,Jul-15,363.3
??,Jun-15,229
??,May-15,288.3
??,Apr-15,198
??,Mar-15,132.1
??,Feb-15,108.1
??,Jan-15,81.5
??,Dec-14,50.7
??,Nov-14,98.2
??,Oct-14,72.8
??,Sep-14,136.1
??,Aug-14,507.7
??,Jul-14,361.9
??,Jun-14,183.2
??,May-14,181.4
??,Apr-14,125.3
??,Mar-14,147.7
??,Feb-14,114.3
??,Jan-14,39.4
??,Dec-13,35.7
??,Nov-13,83.9
??,Oct-13,95.1
??,Sep-13,76.1
??,Aug-13,122.8
??,Jul-13,16.8
??,Jun-13,158.3
??,May-13,110.1
??,Apr-13,103.5
??,Mar-13,57.3
??,Feb-13,83.3
??,Jan-13,30.3
??,Dec-12,132.7
??,Nov-12,101
??,Oct-12,34.6
??,Sep-12,346.2
??,Aug-12,764.3
??,Jul-12,201.9
??,Jun-12,149
??,May-12,97.6
??,Apr-12,340.8
??,Mar-12,186.7
??,Feb-12,101.1
??,Jan-12,19
??,Dec-11,44.3
??,Nov-11,331.9
??,Oct-11,60.1
??,Sep-11,80
??,Aug-11,334.7
??,Jul-11,99.4
??,Jun-11,491.6
??,May-11,95.8
??,Apr-11,99.9
??,Mar-11,62
??,Feb-11,34.6
??,Jan-11,10.4
??,Dec-10,80.7
??,Nov-10,2.2
??,Oct-10,122.7
??,Sep-10,171
??,Aug-10,359.4
??,Jul-10,285
??,Jun-10,287.5
??,May-10,71.8
??,Apr-10,267.7
??,Mar-10,209.6
??,Feb-10,82.4
??,Jan-10,49.4
??,Dec-09,23.8
??,Nov-09,147.7
??,Oct-09,79.5
??,Sep-09,123.8
??,Aug-09,199.6
??,Jul-09,265.1
??,Jun-09,274.4
??,May-09,77.8
??,Apr-09,138.8
??,Mar-09,133.8
??,Feb-09,135.4
??,Jan-09,56.3
??,Dec-08,29.4
??,Nov-08,70.3
??,Oct-08,55.8
??,Sep-08,234.8
??,Aug-08,211.1
??,Jul-08,61.8
??,Jun-08,318.9
??,May-08,172.5
??,Apr-08,91.6
??,Mar-08,100.6
??,Feb-08,28.6
??,Jan-08,109.9
??,Dec-07,94.8
??,Nov-07,1.4
??,Oct-07,175.3
??,Sep-07,693.1
??,Aug-07,280.9
??,Jul-07,383.5
??,Jun-07,123.2
??,May-07,102.4
??,Apr-07,59.6
??,Mar-07,91.3
??,Feb-07,52.8
??,Jan-07,95.1
??,Dec-06,41.6
??,Nov-06,78
??,Oct-06,39.7
??,Sep-06,211.6
??,Aug-06,123.9
??,Jul-06,325
??,Jun-06,281.8
??,May-06,171.2
??,Apr-06,185.6
??,Mar-06,49
??,Feb-06,64.9
??,Jan-06,70.4
??,Dec-05,61.1
??,Nov-05,114.8
??,Oct-05,39.7
??,Sep-05,13
??,Aug-05,230.6
??,Jul-05,157.7
??,Jun-05,53.9
??,May-05,95.3
??,Apr-05,84.5
??,Mar-05,139.6
??,Feb-05,101.6
??,Jan-05,39.9
??,Dec-04,49.7
??,Nov-04,66.3
??,Oct-04,30.3
??,Sep-04,337
??,Aug-04,412.8
??,Jul-04,54.3
??,Jun-04,123.3
??,May-04,272.8
??,Apr-04,156.6
??,Mar-04,72.4
??,Feb-04,72.6
??,Jan-04,28.1
??,Dec-03,15.9
??,Nov-03,111
??,Oct-03,36.8
??,Sep-03,276.9
??,Aug-03,277.9
??,Jul-03,344
??,Jun-03,289.5
??,May-03,338.2
??,Apr-03,173
??,Mar-03,138.6
??,Feb-03,67
??,Jan-03,71.2
??,Dec-02,100.1
??,Nov-02,24.7
??,Oct-02,147.6
??,Sep-02,139.3
??,Aug-02,388.8
??,Jul-02,432.5
??,Jun-02,107.9
??,May-02,168.1
??,Apr-02,111.3
??,Mar-02,80.3
??,Feb-02,43.1
??,Jan-02,47.4
??,Jun-25,206.9
??,May-25,85.5
??,Apr-25,69
??,Mar-25,44.8
??,Feb-25,11.9
??,Jan-25,23.7
??,Dec-24,12.9
??,Nov-24,44
??,Oct-24,97.2
??,Sep-24,256.5
??,Aug-24,99.8
??,Jul-24,513.5
??,Jun-24,100.6
??,May-24,123.3
??,Apr-24,46.6
??,Mar-24,47.3
??,Feb-24,99
??,Jan-24,40.8
??,Dec-23,113.8
??,Nov-23,67.2
??,Oct-23,21.7
??,Sep-23,244.4
??,Aug-23,234.3
??,Jul-23,689.2
??,Jun-23,146.5
??,May-23,182.2
??,Apr-23,48
??,Mar-23,14.8
??,Feb-23,3.7
??,Jan-23,28.9
??,Dec-22,20.9
??,Nov-22,46
??,Oct-22,103.8
??,Sep-22,107.8
??,Aug-22,475
??,Jul-22,160.4
??,Jun-22,188.6
??,May-22,5.9
??,Apr-22,55.7
??,Mar-22,70.2
??,Feb-22,3.6
??,Jan-22,4.4
??,Dec-21,9.7
??,Nov-21,79.6
??,Oct-21,44.5
??,Sep-21,195.5
??,Aug-21,252.6
??,Jul-21,168.5
??,Jun-21,76.5
??,May-21,135.3
??,Apr-21,56.3
??,Mar-21,90.5
??,Feb-21,14.8
??,Jan-21,25.7
??,Dec-20,6.8
??,Nov-20,46.5
??,Oct-20,9.9
??,Sep-20,192
??,Aug-20,384.3
??,Jul-20,449.5
??,Jun-20,170.1
??,May-20,91.6
??,Apr-20,20.6
??,Mar-20,22
??,Feb-20,79.7
??,Jan-20,65.7
??,Dec-19,29.7
??,Nov-19,105.2
??,Oct-19,86.3
??,Sep-19,166.2
??,Aug-19,110.2
??,Jul-19,183.2
??,Jun-19,71.6
??,May-19,31
??,Apr-19,65.3
??,Mar-19,31.4
??,Feb-19,30.5
??,Jan-19,2.1
??,Dec-18,28.6
??,Nov-18,56.1
??,Oct-18,135.9
??,Sep-18,119.8
??,Aug-18,273.3
??,Jul-18,208.7
??,Jun-18,106.7
??,May-18,112.3
??,Apr-18,135.4
??,Mar-18,84.3
??,Feb-18,35.4
??,Jan-18,20.1
??,Dec-17,31.7
??,Nov-17,20.6
??,Oct-17,30.6
??,Sep-17,74.7
??,Aug-17,262.7
??,Jul-17,405.2
??,Jun-17,31.9
??,May-17,33.7
??,Apr-17,58.8
??,Mar-17,12.9
??,Feb-17,35.4
??,Jan-17,15.9
??,Dec-16,52.8
??,Nov-16,21.4
??,Oct-16,111
??,Sep-16,95.2
??,Aug-16,52
??,Jul-16,315.8
??,Jun-16,46.7
??,May-16,119.9
??,Apr-16,129.3
??,Mar-16,26.6
??,Feb-16,53
??,Jan-16,11.1
??,Dec-15,52.6
??,Nov-15,136.1
??,Oct-15,85.9
??,Sep-15,19.6
??,Aug-15,59.6
??,Jul-15,134.4
??,Jun-15,94.1
??,May-15,38
??,Apr-15,105.4
??,Mar-15,32.8
??,Feb-15,25.4
??,Jan-15,27.3
??,Dec-14,54
??,Nov-14,43.8
??,Oct-14,140.9
??,Sep-14,130.3
??,Aug-14,256.2
??,Jul-14,155
??,Jun-14,78.5
??,May-14,44.4
??,Apr-14,80.1
??,Mar-14,59.1
??,Feb-14,14.1
??,Jan-14,4.3
??,Dec-13,31.9
??,Nov-13,67.5
??,Oct-13,15.8
??,Sep-13,170.1
??,Aug-13,157.6
??,Jul-13,249.4
??,Jun-13,125.2
??,May-13,118.7
??,Apr-13,73.3
??,Mar-13,53.8
??,Feb-13,48.6
??,Jan-13,35.2
??,Dec-12,61.9
??,Nov-12,60.8
??,Oct-12,72.4
??,Sep-12,201
??,Aug-12,530.5
??,Jul-12,258.5
??,Jun-12,86
??,May-12,17.4
??,Apr-12,89.8
??,Mar-12,55.1
??,Feb-12,3.6
??,Jan-12,18.7
??,Dec-11,10.3
??,Nov-11,71.1
??,Oct-11,27.5
??,Sep-11,91.3
??,Aug-11,346
??,Jul-11,639.1
??,Jun-11,341.8
??,May-11,113.7
??,Apr-11,100.9
??,Mar-11,23.3
??,Feb-11,49.7
??,Jan-11,6.7
??,Dec-10,32.3
??,Nov-10,16.1
??,Oct-10,21.1
??,Sep-10,238.4
??,Aug-10,504.5
??,Jul-10,311
??,Jun-10,58.3
??,May-10,126
??,Apr-10,63
??,Mar-10,81.5
??,Feb-10,69.3
??,Jan-10,39.4
??,Dec-09,43.2
??,Nov-09,47
??,Oct-09,39.5
??,Sep-09,31.5
??,Aug-09,164.5
??,Jul-09,389
??,Jun-09,95
??,May-09,128.2
??,Apr-09,40.4
??,Mar-09,56.1
??,Feb-09,26.2
??,Jan-09,14.2
??,Dec-08,22.4
??,Nov-08,23.6
??,Oct-08,31.1
??,Sep-08,56.7
??,Aug-08,147.3
??,Jul-08,255.2
??,Jun-08,159.3
??,May-08,73.2
??,Apr-08,39.4
??,Mar-08,37
??,Feb-08,9.2
??,Jan-08,25.1
??,Dec-07,33.4
??,Nov-07,14.8
??,Oct-07,40.4
??,Sep-07,388.8
??,Aug-07,357.5
??,Jul-07,244.9
??,Jun-07,119.2
??,May-07,104.3
??,Apr-07,29.7
??,Mar-07,125.1
??,Feb-07,38.8
??,Jan-07,16.3
??,Dec-06,23.7
??,Nov-06,59
??,Oct-06,25.1
??,Sep-06,26.8
??,Aug-06,68.9
??,Jul-06,507
??,Jun-06,129.1
??,May-06,96.4
??,Apr-06,89.7
??,Mar-06,7.6
??,Feb-06,26.8
??,Jan-06,28
??,Dec-05,27.4
??,Nov-05,22.5
??,Oct-05,26.4
??,Sep-05,246.4
??,Aug-05,306.5
??,Jul-05,364.1
??,Jun-05,172.6
??,May-05,56.7
??,Apr-05,62.2
??,Mar-05,36.1
??,Feb-05,34.5
??,Jan-05,6.9
??,Dec-04,36.3
??,Nov-04,54.7
??,Oct-04,2.8
??,Sep-04,193.8
??,Aug-04,220.8
??,Jul-04,330.5
??,Jun-04,278.4
??,May-04,114.6
??,Apr-04,70.9
??,Mar-04,35.8
??,Feb-04,25.9
??,Jan-04,19
??,Dec-03,15.6
??,Nov-03,43.6
??,Oct-03,24
??,Sep-03,190.7
??,Aug-03,277
??,Jul-03,436.5
??,Jun-03,183.9
??,May-03,119.7
??,Apr-03,186.4
??,Mar-03,39.2
??,Feb-03,50.5
??,Jan-03,23.4
??,Dec-02,45.9
??,Nov-02,38.8
??,Oct-02,87.6
??,Sep-02,59.5
??,Aug-02,459.2
??,Jul-02,218.1
??,Jun-02,62.9
??,May-02,144.7
??,Apr-02,153.7
??,Mar-02,34.3
??,Feb-02,6.4
??,Jan-02,52.5
??,Jun-25,184
??,May-25,111.5
??,Apr-25,63
??,Mar-25,48.9
??,Feb-25,9.7
??,Jan-25,17.1
??,Dec-24,6
??,Nov-24,38.6
??,Oct-24,104.8
??,Sep-24,220.9
??,Aug-24,70.4
??,Jul-24,489.8
??,Jun-24,109.6
??,May-24,117.4
??,Apr-24,51.6
??,Mar-24,51.4
??,Feb-24,84.8
??,Jan-24,34.6
??,Dec-23,104.9
??,Nov-23,43.7
??,Oct-23,21.8
??,Sep-23,238.1
??,Aug-23,263.5
??,Jul-23,609
??,Jun-23,199.1
??,May-23,156.9
??,Apr-23,41.3
??,Mar-23,21.4
??,Feb-23,4.4
??,Jan-23,26.9
??,Dec-22,17.6
??,Nov-22,55
??,Oct-22,88.3
??,Sep-22,100.1
??,Aug-22,425.3
??,Jul-22,236.5
??,Jun-22,163.9
??,May-22,7.1
??,Apr-22,49.9
??,Mar-22,79.3
??,Feb-22,4
??,Jan-22,2.8
??,Dec-21,5.1
??,Nov-21,47.8
??,Oct-21,35.3
??,Sep-21,191.6
??,Aug-21,241.9
??,Jul-21,210.6
??,Jun-21,83
??,May-21,158.6
??,Apr-21,62
??,Mar-21,86.8
??,Feb-21,12.2
??,Jan-21,16.5
??,Dec-20,7
??,Nov-20,31.9
??,Oct-20,7.4
??,Sep-20,166
??,Aug-20,499.7
??,Jul-20,411.3
??,Jun-20,138.1
??,May-20,91.9
??,Apr-20,29.2
??,Mar-20,20.5
??,Feb-20,66.2
??,Jan-20,66.6
??,Dec-19,24.3
??,Nov-19,78.4
??,Oct-19,98
??,Sep-19,174.4
??,Aug-19,132.6
??,Jul-19,193.7
??,Jun-19,90.7
??,May-19,33.9
??,Apr-19,77.9
??,Mar-19,33.1
??,Feb-19,30.6
??,Jan-19,2.4
??,Dec-18,31.1
??,Nov-18,45.7
??,Oct-18,130.6
??,Sep-18,154.1
??,Aug-18,329.9
??,Jul-18,208.8
??,Jun-18,91.7
??,May-18,112.4
??,Apr-18,129.3
??,Mar-18,91.2
??,Feb-18,31.8
??,Jan-18,19.7
??,Dec-17,24.7
??,Nov-17,19.6
??,Oct-17,30.6
??,Sep-17,84
??,Aug-17,253.6
??,Jul-17,524.8
??,Jun-17,58.8
??,May-17,18.4
??,Apr-17,64.6
??,Mar-17,20.3
??,Feb-17,40.1
??,Jan-17,14.8
??,Dec-16,45.4
??,Nov-16,28.1
??,Oct-16,113.2
??,Sep-16,115.5
??,Aug-16,81.6
??,Jul-16,384.8
??,Jun-16,44.1
??,May-16,78.9
??,Apr-16,138.6
??,Mar-16,34.4
??,Feb-16,47.1
??,Jan-16,9.7
??,Dec-15,37.4
??,Nov-15,113.9
??,Oct-15,80.6
??,Sep-15,29.9
??,Aug-15,73.2
??,Jul-15,167.9
??,Jun-15,79
??,May-15,27.9
??,Apr-15,96.4
??,Mar-15,42.1
??,Feb-15,30.2
??,Jan-15,23.2
??,Dec-14,27.3
??,Nov-14,42.7
??,Oct-14,148.5
??,Sep-14,118.5
??,Aug-14,283.7
??,Jul-14,119
??,Jun-14,90.3
??,May-14,37.6
??,Apr-14,60.1
??,Mar-14,65.4
??,Feb-14,12.4
??,Jan-14,7.8
??,Dec-13,32.7
??,Nov-13,63.4
??,Oct-13,28.5
??,Sep-13,129
??,Aug-13,169.6
??,Jul-13,282
??,Jun-13,163.8
??,May-13,101.3
??,Apr-13,81.7
??,Mar-13,48.6
??,Feb-13,41
??,Jan-13,39.7
??,Dec-12,54
??,Nov-12,60
??,Oct-12,64.7
??,Sep-12,202
??,Aug-12,444.6
??,Jul-12,281.4
??,Jun-12,88.8
??,May-12,37
??,Apr-12,106.3
??,Mar-12,80.3
??,Feb-12,2.8
??,Jan-12,17.4
??,Dec-11,12.8
??,Nov-11,88.5
??,Oct-11,51
??,Sep-11,126.4
??,Aug-11,338.8
??,Jul-11,504.2
??,Jun-11,354.8
??,May-11,138.9
??,Apr-11,122.8
??,Mar-11,25.1
??,Feb-11,45.7
??,Jan-11,3.4
??,Dec-10,26.5
??,Nov-10,15.6
??,Oct-10,22.3
??,Sep-10,277.8
??,Aug-10,395
??,Jul-10,201.4
??,Jun-10,47.3
??,May-10,112.9
??,Apr-10,67.7
??,Mar-10,97.2
??,Feb-10,71.1
??,Jan-10,38.4
??,Dec-09,36.3
??,Nov-09,47.2
??,Oct-09,31.2
??,Sep-09,56.3
??,Aug-09,155.6
??,Jul-09,415.3
??,Jun-09,115.9
??,May-09,122.7
??,Apr-09,35.5
??,Mar-09,50.6
??,Feb-09,24.8
??,Jan-09,13.8
??,Dec-08,14.8
??,Nov-08,11.8
??,Oct-08,28.3
??,Sep-08,66.8
??,Aug-08,225.4
??,Jul-08,234
??,Jun-08,130.8
??,May-08,64.9
??,Apr-08,34.8
??,Mar-08,37.4
??,Feb-08,6.8
??,Jan-08,34.1
??,Dec-07,23.9
??,Nov-07,12.7
??,Oct-07,33.6
??,Sep-07,365.5
??,Aug-07,429
??,Jul-07,301.9
??,Jun-07,124.8
??,May-07,118.8
??,Apr-07,29.9
??,Mar-07,121.3
??,Feb-07,38.9
??,Jan-07,10.9
??,Dec-06,18.3
??,Nov-06,66.9
??,Oct-06,30.5
??,Sep-06,27
??,Aug-06,73.6
??,Jul-06,707
??,Jun-06,125.4
??,May-06,108.6
??,Apr-06,94.3
??,Mar-06,10.2
??,Feb-06,32.6
??,Jan-06,23.2
??,Dec-05,11.8
??,Nov-05,17.8
??,Oct-05,39
??,Sep-05,235.9
??,Aug-05,344.8
??,Jul-05,362.5
??,Jun-05,171.9
??,May-05,59.6
??,Apr-05,59.4
??,Mar-05,42.3
??,Feb-05,21.9
??,Jan-05,7.6
??,Dec-04,32.9
??,Nov-04,37.4
??,Oct-04,3
??,Sep-04,153.4
??,Aug-04,256.9
??,Jul-04,365.4
??,Jun-04,348.3
??,May-04,123.3
??,Apr-04,72.5
??,Mar-04,45.6
??,Feb-04,33.1
??,Jan-04,14.8
??,Dec-03,16.5
??,Nov-03,44.3
??,Oct-03,28.3
??,Sep-03,241.9
??,Aug-03,320.1
??,Jul-03,549.9
??,Jun-03,183
??,May-03,150.2
??,Apr-03,193.5
??,Mar-03,44
??,Feb-03,53.9
??,Jan-03,17.8
??,Dec-02,49.3
??,Nov-02,19.6
??,Oct-02,46
??,Sep-02,82.5
??,Aug-02,537.4
??,Jul-02,190.4
??,Jun-02,61.3
??,May-02,112.6
??,Apr-02,174.3
??,Mar-02,34.8
??,Feb-02,8
??,Jan-02,65.5
??,May-19,0.2
??,Jun-19,103.5
??,Jul-19,274.4
??,Aug-19,187.7
??,Sep-19,163.2
??,Oct-19,91.6
??,Nov-19,112.2
??,Dec-19,26.5
??,Jan-20,81.3
??,Feb-20,89.7
??,Mar-20,22.6
??,Apr-20,17.6
??,May-20,91.6
??,Jun-20,214.2
??,Jul-20,436.4
??,Aug-20,501.1
??,Sep-20,171.3
??,Oct-20,6.4
??,Nov-20,50.1
??,Dec-20,3.5
??,Jan-21,22
??,Feb-21,14.4
??,Mar-21,99.8
??,Apr-21,56
??,May-21,141.9
??,Jun-21,67.8
??,Jul-21,180.7
??,Aug-21,232.1
??,Sep-21,184.6
??,Oct-21,36.4
??,Nov-21,60.9
??,Dec-21,8
??,Jan-22,2.7
??,Feb-22,2.2
??,Mar-22,77.1
??,Apr-22,53.7
??,May-22,9.4
??,Jun-22,118.5
??,Jul-22,239.5
??,Aug-22,421
??,Sep-22,138.8
??,Oct-22,100.7
??,Nov-22,39.8
??,Dec-22,19
??,Jan-23,26.3
??,Feb-23,4.1
??,Mar-23,18.5
??,Apr-23,48.8
??,May-23,194.2
??,Jun-23,112.6
??,Jul-23,866.5
??,Aug-23,301.6
??,Sep-23,373.1
??,Oct-23,5.3
??,Nov-23,40
??,Dec-23,112.3
??,Jan-24,42.5
??,Feb-24,104
??,Mar-24,48.8
??,Apr-24,43.3
??,May-24,128.8
??,Jun-24,104.3
??,Jul-24,542.1
??,Aug-24,70.7
??,Sep-24,232.1
??,Oct-24,97.1
??,Nov-24,43.1
??,Dec-24,6
??,Jan-25,19
??,Feb-25,10.3
??,Mar-25,55
??,Apr-25,72.4
??,May-25,78.5
??,Jun-25,202.7
